<?xml version="1.0" encoding="UTF-8" standalone="no"?>
<!-- You can define up to 255 actor types (0-FE). Read the docs for more information. -->
<ActorTypes>
	<ActorType desc="RedGoomba" id="00" name="00290081" tattle="00000000" sfxWalk="20DD,20DD" sfxFly="20DD,20DD" sfxJump="3E2" sfxHurt="10F" sfxIncrement="30,30"/>
	<ActorType desc="RedParagoomba" id="01" name="00290082" tattle="00000000" sfxWalk="20DF,20DF" sfxFly="20DF,20DF" sfxJump="3E2" sfxHurt="10F" sfxIncrement="30,30"/>
	<ActorType desc="Gloomba" id="02" name="0029006B" tattle="001C0079" tattleCamOffset="0,5,0" sfxWalk="20DD,20DD" sfxFly="20DD,20DD" sfxJump="3E2" sfxHurt="10F" sfxIncrement="30,30"/>
	<ActorType desc="Paragloomba" id="03" name="0029006C" tattle="001C007A" tattleCamOffset="0,4,0" sfxWalk="20DF,20DF" sfxFly="20DF,20DF" sfxJump="3E2" sfxHurt="10F" sfxIncrement="30,30"/>
	<ActorType desc="SpikedGloomba" id="04" name="0029006D" tattle="001C007B" tattleCamOffset="0,4,0" sfxWalk="20DD,20DD" sfxFly="20DD,20DD" sfxJump="3E2" sfxHurt="10F" sfxIncrement="30,30"/>
	<ActorType desc="DarkKoopa" id="05" name="0029006E" tattle="001C007C" tattleCamOffset="0,2,0" sfxWalk="20BA,3B4" sfxFly="20BA,3B4" sfxJump="3E2" sfxHurt="10F" sfxIncrement="30,30"/>
	<ActorType desc="DarkParatroopa" id="06" name="0029006F" tattle="001C007D" tattleCamOffset="0,3,0" sfxWalk="20DF,20DF" sfxFly="20DF,20DF" sfxJump="3E2" sfxHurt="10F" sfxIncrement="30,30"/>
	<ActorType desc="Goomba" id="07" name="00290000" tattle="001C0000" tattleCamOffset="0,5,0" sfxWalk="20DD,20DD" sfxFly="20DD,20DD" sfxJump="3E2" sfxHurt="10F" sfxIncrement="30,30"/>
	<ActorType desc="Paragoomba" id="08" name="00290002" tattle="001C0002" tattleCamOffset="0,4,0" sfxWalk="20DF,20DF" sfxFly="20DF,20DF" sfxJump="3E2" sfxHurt="10F" sfxIncrement="30,30"/>
	<ActorType desc="SpikedGoomba" id="09" name="00290001" tattle="001C0001" tattleCamOffset="0,4,0" sfxWalk="20DD,20DD" sfxFly="20DD,20DD" sfxJump="3E2" sfxHurt="10F" sfxIncrement="30,30"/>
	<ActorType desc="Fuzzy" id="0A" name="00290009" tattle="001C0009" tattleCamOffset="0,5,0" sfxWalk="331,331" sfxFly="331,331" sfxJump="331" sfxHurt="10F" sfxIncrement="30,30"/>
	<ActorType desc="KoopaTroopa" id="0B" name="00290007" tattle="001C0007" tattleCamOffset="0,2,0" sfxWalk="20BA,3B4" sfxFly="20BA,3B4" sfxJump="3E2" sfxHurt="10F" sfxIncrement="30,30"/>
	<ActorType desc="Paratroopa" id="0C" name="00290008" tattle="001C0008" tattleCamOffset="0,3,0" sfxWalk="20DF,20DF" sfxFly="20DF,20DF" sfxJump="3E2" sfxHurt="10F" sfxIncrement="30,30"/>
	<ActorType desc="Bobomb" id="0D" name="0029000A" tattle="001C000A" tattleCamOffset="0,5,0" sfxWalk="20BA,3B4" sfxFly="20BA,3B4" sfxJump="3E2" sfxHurt="10F" sfxIncrement="30,30"/>
	<ActorType desc="Bobomb2" id="0E" name="0029000A" tattle="001C000A" tattleCamOffset="0,5,0" sfxWalk="20BA,3B4" sfxFly="20BA,3B4" sfxJump="3E2" sfxHurt="10F" sfxIncrement="30,30"/>
	<ActorType desc="BulletBill" id="0F" name="0029000B" tattle="001C000B" sfxWalk="2C9,2C9" sfxFly="2C9,2C9" sfxJump="2C9" sfxHurt="10F" sfxIncrement="30,30"/>
	<ActorType desc="BillBlaster" id="10" name="0029000C" tattle="001C000C" tattleCamOffset="0,6,0" sfxWalk="20BA,3B4" sfxFly="20BA,3B4" sfxJump="3E2" sfxHurt="10F" sfxIncrement="30,30"/>
	<ActorType desc="Cleft" id="11" name="00290015" tattle="001C0015" tattleCamOffset="0,-2,-15" sfxWalk="20D0,20D0" sfxFly="20D0,20D0" sfxJump="3E2" sfxHurt="10F" sfxIncrement="30,30"/>
	<ActorType desc="MontyMole" id="12" name="00290014" tattle="001C0014" tattleCamOffset="0,14,0" sfxWalk="20BA,3B4" sfxFly="20BA,3B4" sfxJump="3E2" sfxHurt="10F" sfxIncrement="30,30"/>
	<ActorType desc="Bandit" id="13" name="00290017" tattle="001C0017" tattleCamOffset="0,5,0" sfxWalk="20C1,20C1" sfxFly="20C1,20C1" sfxJump="3E2" sfxHurt="10F" sfxIncrement="30,30"/>
	<ActorType desc="Pokey" id="14" name="00290016" tattle="001C0016" sfxWalk="343,0" sfxJump="3E2" sfxHurt="10F" sfxIncrement="30,30"/>
	<ActorType desc="PokeyMummy" id="15" name="00290018" tattle="001C0018" sfxWalk="343,0" sfxJump="3E2" sfxHurt="10F" sfxIncrement="30,30"/>
	<ActorType desc="Swooper" id="16" name="0029001A" tattle="001C001A" sfxWalk="351,351" sfxFly="351,351" sfxJump="3E2" sfxHurt="10F" sfxIncrement="30,30"/>
	<ActorType desc="BuzzyBeetle" id="17" name="00290019" tattle="001C0019" tattleCamOffset="0,10,0" sfxWalk="20DD,20DD" sfxFly="20DD,20DD" sfxJump="3E2" sfxHurt="10F" sfxIncrement="30,30"/>
	<ActorType desc="StoneChomp" id="18" name="0029001E" tattle="001C001E" sfxHurt="10F" sfxIncrement="30,30"/>
	<ActorType desc="PiranhaPlant" id="19" name="0029001F" tattle="001C001F" sfxWalk="20BA,3B4" sfxFly="20BA,3B4" sfxJump="3E2" sfxHurt="10F" sfxIncrement="30,30"/>
	<ActorType desc="ForestFuzzy" id="1A" name="00290020" tattle="001C0020" tattleCamOffset="0,5,0" sfxWalk="331,331" sfxFly="331,331" sfxJump="331" sfxHurt="10F" sfxIncrement="30,30"/>
	<ActorType desc="HyperGoomba" id="1B" name="00290021" tattle="001C0021" tattleCamOffset="0,5,0" sfxWalk="20DD,20DD" sfxFly="20DD,20DD" sfxJump="3E2" sfxHurt="10F" sfxIncrement="30,30"/>
	<ActorType desc="HyperParagoomba" id="1C" name="00290022" tattle="001C0022" tattleCamOffset="0,4,0" sfxWalk="20DF,20DF" sfxFly="20DF,20DF" sfxJump="3E2" sfxHurt="10F" sfxIncrement="30,30"/>
	<ActorType desc="HyperCleft" id="1D" name="00290023" tattle="001C0023" tattleCamOffset="0,-2,-15" sfxWalk="20D0,20D0" sfxFly="20D0,20D0" sfxJump="3E2" sfxHurt="10F" sfxIncrement="30,30"/>
	<ActorType desc="Clubba" id="1E" name="00290024" tattle="001C0024" sfxWalk="20C4,20C4" sfxFly="20C4,20C4" sfxJump="3E2" sfxHurt="10F" sfxIncrement="30,30"/>
	<ActorType desc="ShyGuy" id="1F" name="00290027" tattle="001C0029" tattleCamOffset="0,5,0" sfxWalk="20BA,3B4" sfxJump="3E2" sfxHurt="10F" sfxIncrement="30,30"/>
	<ActorType desc="GrooveGuy" id="20" name="00290028" tattle="001C002A" tattleCamOffset="0,4,0" sfxWalk="20BA,3B4" sfxJump="3E2" sfxHurt="10F" sfxIncrement="30,30"/>
	<ActorType desc="SkyGuy" id="21" name="0029002B" tattle="001C002D" tattleCamOffset="0,15,23" sfxWalk="20BA,3B4" sfxJump="3E2" sfxHurt="10F" sfxIncrement="30,30"/>
	<ActorType desc="MediGuy" id="22" name="0029002C" tattle="001C002E" sfxFly="380,0" sfxJump="3E2" sfxHurt="10F" sfxIncrement="30,30"/>
	<ActorType desc="PyroGuy" id="23" name="0029002A" tattle="001C002C" sfxWalk="20BA,3B4" sfxJump="3E2" sfxHurt="10F" sfxIncrement="30,30"/>
	<ActorType desc="SpyGuy" id="24" name="00290029" tattle="001C002B" tattleCamOffset="0,3,0" sfxWalk="20BA,3B4" sfxJump="3E2" sfxHurt="10F" sfxIncrement="30,30"/>
	<ActorType desc="Fuzzipede" id="25" name="0029007C" tattle="00000000" sfxWalk="20D9,20D9" sfxFly="20D9,20D9" sfxJump="20D9" sfxHurt="10F" sfxIncrement="30,30"/>
	<ActorType desc="HurtPlant" id="26" name="00290033" tattle="001C0035" tattleCamOffset="0,6,0" sfxWalk="20BA,3B4" sfxFly="20BA,3B4" sfxJump="3E2" sfxHurt="10F" sfxIncrement="30,30"/>
	<ActorType desc="MBush" id="27" name="00290034" tattle="001C0036" tattleCamOffset="0,7,0" sfxWalk="20C6,20C6" sfxFly="20C6,20C6" sfxJump="3E2" sfxHurt="10F" sfxIncrement="30,30"/>
	<ActorType desc="AquaFuzzy" id="28" name="00290080" tattle="00000000" tattleCamOffset="0,5,0" sfxWalk="331,331" sfxFly="331,331" sfxJump="331" sfxHurt="10F" sfxIncrement="30,30"/>
	<ActorType desc="JungleFuzzy" id="29" name="00290035" tattle="001C0037" tattleCamOffset="0,5,0" sfxWalk="331,331" sfxFly="331,331" sfxJump="331" sfxHurt="10F" sfxIncrement="30,30"/>
	<ActorType desc="SpearGuy" id="2A" name="00290036" tattle="001C0038" tattleCamOffset="0,6,0" sfxWalk="20BA,3B4" sfxJump="3E2" sfxHurt="10F" sfxIncrement="30,30"/>
	<ActorType desc="LavaBubble" id="2B" name="00290038" tattle="001C003A" sfxJump="3E2" sfxHurt="10F" sfxIncrement="30,30"/>
	<ActorType desc="SpikeTop" id="2C" name="00290039" tattle="001C003B" tattleCamOffset="0,6,0" sfxWalk="20DD,20DD" sfxFly="20DD,20DD" sfxJump="3E2" sfxHurt="10F" sfxIncrement="30,30"/>
	<ActorType desc="PutridPiranha" id="2D" name="00290037" tattle="001C0039" sfxWalk="3CE,3CE" sfxIncrement="30,30"/>
	<ActorType desc="Lakitu" id="2E" name="0029003D" tattle="001C0042" sfxWalk="295,295" sfxFly="295,295" sfxJump="3E2" sfxHurt="10F" sfxIncrement="-5,-5"/>
	<ActorType desc="Spiny" id="2F" name="0029003E" tattle="001C0043" tattleCamOffset="0,5,0" sfxJump="3E2" sfxHurt="10F" sfxIncrement="30,30"/>
	<ActorType desc="MontyMole" id="30" name="00290042" tattle="001C0047" tattleCamOffset="0,14,0" sfxWalk="20BA,3B4" sfxFly="20BA,3B4" sfxJump="3E2" sfxHurt="10F" sfxIncrement="30,30"/>
	<ActorType desc="Bzzap" id="31" name="0029003F" tattle="001C0044" sfxWalk="357,0" sfxFly="357,0" sfxJump="3E2" sfxHurt="10F" sfxIncrement="30,30"/>
	<ActorType desc="CrazeeDayzee" id="32" name="00290040" tattle="001C0045" tattleCamOffset="0,2,0" sfxWalk="2D6,2D6" sfxFly="2D6,2D6" sfxJump="2D5" sfxHurt="10F" sfxIncrement="30,30"/>
	<ActorType desc="AmazyDayzee" id="33" name="00290041" tattle="001C0046" tattleCamOffset="0,2,0" sfxWalk="2D6,2D6" sfxFly="2D6,2D6" sfxJump="2D5" sfxHurt="10F" sfxIncrement="30,30"/>
	<ActorType desc="RuffPuff" id="34" name="00290044" tattle="001C0049" sfxWalk="295,0" sfxFly="295,0" sfxJump="3E2" sfxHurt="10F" sfxIncrement="30,30"/>
	<ActorType desc="Spike" id="35" name="00290043" tattle="001C0048" sfxWalk="295,0" sfxFly="295,0" sfxJump="3E2" sfxHurt="10F" sfxIncrement="30,30"/>
	<ActorType desc="Gulpit" id="36" name="00290047" tattle="001C004D" sfxWalk="20C4,20C4" sfxFly="20C4,20C4" sfxJump="3E2" sfxHurt="10F" sfxIncrement="30,30"/>
	<ActorType desc="GulpitRocks" id="37" name="00290048" tattle="001C004E" sfxWalk="20BA,3B4" sfxFly="20BA,3B4" sfxJump="3E2" sfxHurt="10F" sfxIncrement="30,30"/>
	<ActorType desc="WhiteClubba" id="38" name="0029004B" tattle="001C0051" sfxWalk="20C4,20C4" sfxFly="20C4,20C4" sfxJump="3E2" sfxHurt="10F" sfxIncrement="30,30"/>
	<ActorType desc="FrostPiranha" id="39" name="0029004A" tattle="001C0050" sfxWalk="3CE,3CE" sfxHurt="10F" sfxIncrement="30,30"/>
	<ActorType desc="Swoopula" id="3A" name="00290056" tattle="001C005C" sfxWalk="351,351" sfxFly="351,351" sfxJump="3E2" sfxHurt="10F" sfxIncrement="30,30"/>
	<ActorType desc="Duplighost" id="3B" group="3B" name="0029004C" tattle="001C0052" sfxWalk="2CA,2CA" sfxJump="3E2" sfxHurt="10F" sfxIncrement="30,30"/>
	<ActorType desc="GhostGoombario" id="3C" group="3B" name="0029004F" tattle="001C0055" tattleCamOffset="0,6,0" sfxWalk="20DD,20DD" sfxJump="3E2" sfxHurt="10F" sfxIncrement="30,30"/>
	<ActorType desc="GhostKooper" id="3D" group="3B" name="0029004E" tattle="001C0054" tattleCamOffset="0,2,0" sfxWalk="100,100" sfxJump="3E2" sfxHurt="10F" sfxIncrement="30,30"/>
	<ActorType desc="GhostBombette" id="3E" group="3B" name="00290053" tattle="001C0059" tattleCamOffset="0,5,0" sfxWalk="20BA,3B4" sfxJump="3E2" sfxHurt="10F" sfxIncrement="30,30"/>
	<ActorType desc="GhostParakarry" id="3F" group="3B" name="00290052" tattle="001C0058" sfxJump="3E2" sfxHurt="10F" sfxIncrement="30,30"/>
	<ActorType desc="GhostBow" id="40" group="3B" name="00290054" tattle="001C005A" sfxJump="3E2" sfxHurt="10F" sfxIncrement="30,30"/>
	<ActorType desc="GhostWatt" id="41" group="3B" name="0029004D" tattle="001C0053" sfxJump="3E2" sfxHurt="10F" sfxIncrement="30,30"/>
	<ActorType desc="GhostSushie" id="42" group="3B" name="00290050" tattle="001C0056" tattleCamOffset="0,8,0" sfxWalk="29A,29A" sfxJump="3E2" sfxHurt="10F" sfxIncrement="30,30"/>
	<ActorType desc="GhostLakilester" id="43" group="3B" name="00290051" tattle="001C0057" sfxWalk="295,295" sfxFly="295,295" sfxJump="3E2" sfxHurt="10F" sfxIncrement="-5,-5"/>
	<ActorType desc="AlbinoDino" id="44" name="00290055" tattle="001C005B" sfxWalk="30B,2FD" sfxJump="3E2" sfxHurt="10F" sfxIncrement="30,30"/>
	<ActorType desc="Ember" id="45" name="00290059" tattle="001C0060" sfxJump="3E2" sfxHurt="10F" sfxIncrement="30,30"/>
	<ActorType desc="BonyBeetle" id="46" name="0029005B" tattle="001C0062" tattleCamOffset="0,6,0" sfxWalk="20CD,20CD" sfxFly="20CD,20CD" sfxJump="3E2" sfxHurt="10F" sfxIncrement="30,30"/>
	<ActorType desc="DryBones" id="47" name="0029005A" tattle="001C0061" tattleCamOffset="0,3,0" sfxWalk="20BA,3B4" sfxFly="20BA,3B4" sfxJump="3E2" sfxHurt="10F" sfxIncrement="30,30"/>
	<ActorType desc="DryBones2" id="48" name="0029005A" tattle="001C0061" tattleCamOffset="0,3,0" sfxWalk="20BA,3B4" sfxFly="20BA,3B4" sfxJump="3E2" sfxHurt="10F" sfxIncrement="30,30"/>
	<ActorType desc="BombshellBlaster" id="49" name="00290060" tattle="001C006A" tattleCamOffset="0,6,0" sfxWalk="20BA,3B4" sfxFly="20BA,3B4" sfxJump="3E2" sfxHurt="10F" sfxIncrement="30,30"/>
	<ActorType desc="BombshellBill" id="4A" name="0029005F" tattle="001C0069" sfxWalk="2C9,2C9" sfxFly="2C9,2C9" sfxJump="2C9" sfxHurt="10F" sfxIncrement="30,30"/>
	<ActorType desc="HammerBros" id="4B" name="0029005E" tattle="001C0068" tattleCamOffset="0,2,0" sfxWalk="20BA,3B4" sfxFly="20BA,3B4" sfxJump="3E2" sfxHurt="10F" sfxIncrement="30,30"/>
	<ActorType desc="Koopatrol" id="4C" name="0029005D" tattle="001C0067" sfxWalk="20BA,3B4" sfxFly="20BA,3B4" sfxJump="3E2" sfxHurt="10F" sfxIncrement="30,30"/>
	<ActorType desc="Magikoopa" id="4D" group="4D" name="0029005C" tattle="001C0063" sfxJump="3E2" sfxHurt="10F" sfxIncrement="30,30"/>
	<ActorType desc="FlyingMagikoopa" id="4E" group="4D" name="0029005C" tattle="001C0065" sfxJump="3E2" sfxHurt="10F" sfxIncrement="30,30"/>
	<ActorType desc="Magiclone" id="4F" group="4D" name="0029005C" tattle="001C0064" sfxJump="3E2" sfxHurt="10F" sfxIncrement="30,30"/>
	<ActorType desc="FlyingMagiclone" id="50" group="4D" name="0029005C" tattle="001C0066" sfxJump="3E2" sfxHurt="10F" sfxIncrement="30,30"/>
	<ActorType desc="RMagikoopa" id="51" group="51" name="00290070" tattle="001C007E" sfxJump="3E2" sfxHurt="10F" sfxIncrement="30,30"/>
	<ActorType desc="FlyingRMagikoopa" id="52" group="51" name="00290070" tattle="001C007F" sfxJump="3E2" sfxHurt="10F" sfxIncrement="30,30"/>
	<ActorType desc="GRNMagikoopa" id="53" group="53" name="00290071" tattle="001C0080" sfxJump="3E2" sfxHurt="10F" sfxIncrement="30,30"/>
	<ActorType desc="FlyingGRNMagikoopa" id="54" group="53" name="00290071" tattle="001C0081" sfxJump="3E2" sfxHurt="10F" sfxIncrement="30,30"/>
	<ActorType desc="YMagikoopa" id="55" group="55" name="00290072" tattle="001C0082" sfxJump="3E2" sfxHurt="10F" sfxIncrement="30,30"/>
	<ActorType desc="FlyingYMagikoopa" id="56" group="55" name="00290072" tattle="001C0083" sfxJump="3E2" sfxHurt="10F" sfxIncrement="30,30"/>
	<ActorType desc="GRYMagikoopa" id="57" group="57" name="00290073" tattle="001C0084" sfxJump="3E2" sfxHurt="10F" sfxIncrement="30,30"/>
	<ActorType desc="FlyingGRYMagikoopa" id="58" group="57" name="00290073" tattle="001C0085" sfxJump="3E2" sfxHurt="10F" sfxIncrement="30,30"/>
	<ActorType desc="WMagikoopa" id="59" group="59" name="00290074" tattle="001C0086" sfxJump="3E2" sfxHurt="10F" sfxIncrement="30,30"/>
	<ActorType desc="FlyingWMagikoopa" id="5A" group="59" name="00290074" tattle="001C0087" sfxJump="3E2" sfxHurt="10F" sfxIncrement="30,30"/>
	<ActorType desc="Unused5B" id="5B" name="00290068" tattle="001C0074" sfxJump="3E2" sfxHurt="10F" sfxIncrement="30,30"/>
	<ActorType desc="Unused5C" id="5C" name="00290068" tattle="001C0074" sfxJump="3E2" sfxHurt="10F" sfxIncrement="30,30"/>
	<ActorType desc="Unused5D" id="5D" name="00290068" tattle="001C0074" sfxJump="3E2" sfxHurt="10F" sfxIncrement="30,30"/>
	<ActorType desc="Unused5E" id="5E" name="00290068" tattle="001C0074" sfxJump="3E2" sfxHurt="10F" sfxIncrement="30,30"/>
	<ActorType desc="Unused5F" id="5F" name="00290068" tattle="001C0074" sfxJump="3E2" sfxHurt="10F" sfxIncrement="30,30"/>
	<ActorType desc="Unused60" id="60" name="00290068" tattle="001C0074" sfxJump="3E2" sfxHurt="10F" sfxIncrement="30,30"/>
	<ActorType desc="Unused61" id="61" name="00290068" tattle="001C0074" sfxJump="3E2" sfxHurt="10F" sfxIncrement="30,30"/>
	<ActorType desc="Unused62" id="62" name="00290068" tattle="001C0074" sfxJump="3E2" sfxHurt="10F" sfxIncrement="30,30"/>
	<ActorType desc="Unused63" id="63" name="00290068" tattle="001C0074" sfxJump="3E2" sfxHurt="10F" sfxIncrement="30,30"/>
	<ActorType desc="Unused64" id="64" name="00290068" tattle="001C0074" sfxJump="3E2" sfxHurt="10F" sfxIncrement="30,30"/>
	<ActorType desc="Unused65" id="65" name="00290068" tattle="001C0074" sfxWalk="20BA,3B4" sfxFly="20BA,3B4" sfxJump="3E2" sfxHurt="10F" sfxIncrement="30,30"/>
	<ActorType desc="Unused66" id="66" name="00290068" tattle="001C0074" sfxWalk="295,295" sfxFly="295,295" sfxJump="3E2" sfxHurt="10F" sfxIncrement="-5,-5"/>
	<ActorType desc="Unused67" id="67" name="00290068" tattle="001C0074" tattleCamOffset="0,5,0" sfxWalk="20DD,20DD" sfxFly="20DD,20DD" sfxJump="3E2" sfxHurt="10F" sfxIncrement="30,30"/>
	<ActorType desc="Unused68" id="68" name="00290068" tattle="001C0074" sfxWalk="20BA,3B4" sfxFly="20BA,3B4" sfxJump="3E2" sfxHurt="10F" sfxIncrement="30,30"/>
	<ActorType desc="Unused69" id="69" name="00290068" tattle="001C0074" sfxWalk="20BA,3B4" sfxFly="20BA,3B4" sfxJump="3E2" sfxHurt="10F" sfxIncrement="30,30"/>
	<ActorType desc="Unused6A" id="6A" name="00290068" tattle="001C0074" sfxWalk="20BA,3B4" sfxFly="20BA,3B4" sfxJump="3E2" sfxHurt="10F" sfxIncrement="30,30"/>
	<ActorType desc="EmptyMoleHole" id="6B" name="00290068" tattle="001C0074" sfxWalk="20BA,3B4" sfxFly="20BA,3B4" sfxJump="3E2" sfxHurt="10F" sfxIncrement="30,30"/>
	<ActorType desc="Unused6C" id="6C" name="00290068" tattle="001C0074" sfxWalk="20BA,3B4" sfxFly="20BA,3B4" sfxJump="3E2" sfxHurt="10F" sfxIncrement="30,30"/>
	<ActorType desc="Unused6D" id="6D" name="00290068" tattle="001C0074" sfxWalk="20BA,3B4" sfxFly="20BA,3B4" sfxJump="3E2" sfxHurt="10F" sfxIncrement="30,30"/>
	<ActorType desc="Mario" id="6E" name="00290068" tattle="001C0074" sfxIncrement="30,30"/>
	<ActorType desc="Goombario" id="6F" name="00290068" tattle="001C0074" sfxWalk="20DD,20DD" sfxJump="3E2" sfxHurt="10F" sfxIncrement="30,30"/>
	<ActorType desc="Kooper" id="70" name="00290068" tattle="001C0074" sfxWalk="100,100" sfxJump="3E2" sfxHurt="10F" sfxIncrement="30,30"/>
	<ActorType desc="Bombette" id="71" name="00290068" tattle="001C0074" sfxWalk="20BA,3B4" sfxJump="3E2" sfxHurt="10F" sfxIncrement="30,30"/>
	<ActorType desc="Parakarry" id="72" name="00290068" tattle="001C0074" sfxJump="3E2" sfxHurt="10F" sfxIncrement="30,30"/>
	<ActorType desc="Bow" id="73" name="00290068" tattle="001C0074" sfxJump="3E2" sfxHurt="10F" sfxIncrement="30,30"/>
	<ActorType desc="Watt" id="74" name="00290068" tattle="001C0074" sfxJump="3E2" sfxHurt="10F" sfxIncrement="30,30"/>
	<ActorType desc="Sushie" id="75" name="00290068" tattle="001C0074" sfxWalk="29A,29A" sfxJump="3E2" sfxHurt="10F" sfxIncrement="30,30"/>
	<ActorType desc="Lakilester" id="76" name="00290068" tattle="001C0074" sfxWalk="295,295" sfxFly="295,295" sfxJump="3E2" sfxHurt="10F" sfxIncrement="-5,-5"/>
	<ActorType desc="Twink" id="77" name="001D0011" tattle="00000000" sfxIncrement="-5,-5"/>
	<ActorType desc="Unused78" id="78" name="00290068" tattle="001C0074" sfxIncrement="30,30"/>
	<ActorType desc="Unused79" id="79" name="00290068" tattle="001C0074" sfxIncrement="30,30"/>
	<ActorType desc="TheMaster1" id="7A" name="00290068" tattle="001C0074" tattleCamOffset="0,4,0" sfxWalk="20BA,3B4" sfxFly="20BA,3B4" sfxHurt="10F" sfxIncrement="30,30"/>
	<ActorType desc="TheMaster2" id="7B" name="00290068" tattle="001C0075" tattleCamOffset="0,4,0" sfxWalk="20BA,3B4" sfxFly="20BA,3B4" sfxHurt="10F" sfxIncrement="30,30"/>
	<ActorType desc="TheMaster3" id="7C" name="00290068" tattle="001C0076" tattleCamOffset="0,4,0" sfxWalk="20BA,3B4" sfxFly="20BA,3B4" sfxHurt="10F" sfxIncrement="30,30"/>
	<ActorType desc="Chan" id="7D" name="00290069" tattle="001C0077" tattleCamOffset="0,10,0" sfxWalk="20BA,3B4" sfxFly="20BA,3B4" sfxJump="3E2" sfxHurt="10F" sfxIncrement="30,30"/>
	<ActorType desc="Lee" id="7E" group="7E" name="0029006A" tattle="001C0078" sfxWalk="2CA,2CA" sfxJump="3E2" sfxHurt="10F" sfxIncrement="30,30"/>
	<ActorType desc="LeeGoombario" id="7F" group="7E" name="001D0007" tattle="001C008C" tattleCamOffset="0,6,0" sfxWalk="20DD,20DD" sfxJump="3E2" sfxHurt="10F" sfxIncrement="30,30"/>
	<ActorType desc="LeeKooper" id="80" group="7E" name="001D0008" tattle="001C008B" tattleCamOffset="0,2,0" sfxWalk="100,100" sfxJump="3E2" sfxHurt="10F" sfxIncrement="30,30"/>
	<ActorType desc="LeeBombette" id="81" group="7E" name="001D0009" tattle="001C0090" tattleCamOffset="0,5,0" sfxWalk="20BA,3B4" sfxJump="3E2" sfxHurt="10F" sfxIncrement="30,30"/>
	<ActorType desc="LeeParakarry" id="82" group="7E" name="001D000A" tattle="001C008F" sfxJump="3E2" sfxHurt="10F" sfxIncrement="30,30"/>
	<ActorType desc="LeeBow" id="83" group="7E" name="001D000F" tattle="001C0091" sfxJump="3E2" sfxHurt="10F" sfxIncrement="30,30"/>
	<ActorType desc="LeeWatt" id="84" group="7E" name="001D000C" tattle="001C008A" sfxJump="3E2" sfxHurt="10F" sfxIncrement="30,30"/>
	<ActorType desc="LeeSushie" id="85" group="7E" name="001D000D" tattle="001C008D" tattleCamOffset="0,8,0" sfxWalk="29A,29A" sfxJump="3E2" sfxHurt="10F" sfxIncrement="30,30"/>
	<ActorType desc="LeeLakilester" id="86" group="7E" name="001D000E" tattle="001C008E" sfxWalk="295,295" sfxFly="295,295" sfxJump="3E2" sfxHurt="10F" sfxIncrement="-5,-5"/>
	<ActorType desc="KammyKoopa" id="87" name="00290062" tattle="00000000" sfxIncrement="30,30"/>
	<ActorType desc="JrTroopa1" id="88" name="00290013" tattle="00000000" tattleCamOffset="0,4,0" sfxWalk="20C1,20C1" sfxFly="351,351" sfxJump="3E2" sfxHurt="10F" sfxIncrement="30,30"/>
	<ActorType desc="JrTroopa2" id="89" name="00290013" tattle="001C0013" tattleCamOffset="0,4,0" sfxWalk="20C1,20C1" sfxFly="351,351" sfxJump="3E2" sfxHurt="10F" sfxIncrement="30,30"/>
	<ActorType desc="JrTroopa3" id="8A" name="00290013" tattle="001C0028" tattleCamOffset="0,4,0" sfxWalk="20C1,20C1" sfxFly="351,351" sfxJump="3E2" sfxHurt="10F" sfxIncrement="30,30"/>
	<ActorType desc="JrTroopa4" id="8B" name="00290013" tattle="001C0041" tattleCamOffset="0,4,0" sfxWalk="20C1,20C1" sfxFly="351,351" sfxJump="3E2" sfxHurt="10F" sfxIncrement="30,30"/>
	<ActorType desc="JrTroopa5" id="8C" name="00290013" tattle="001C004C" tattleCamOffset="0,4,0" sfxWalk="20C1,20C1" sfxFly="351,351" sfxJump="3E2" sfxHurt="10F" sfxIncrement="30,30"/>
	<ActorType desc="JrTroopa6" id="8D" name="00290013" tattle="001C006B" tattleCamOffset="0,4,0" sfxWalk="20C1,20C1" sfxFly="351,351" sfxJump="3E2" sfxHurt="10F" sfxIncrement="30,30"/>
	<ActorType desc="JrTroopa" id="8E" name="00290013" tattle="001C006B" tattleCamOffset="0,4,0" sfxWalk="20C1,20C1" sfxFly="351,351" sfxJump="3E2" sfxHurt="10F" sfxIncrement="30,30"/>
	<ActorType desc="JrTroopa" id="8F" name="00290013" tattle="001C006B" tattleCamOffset="0,4,0" sfxWalk="20C1,20C1" sfxFly="351,351" sfxJump="3E2" sfxHurt="10F" sfxIncrement="30,30"/>
	<ActorType desc="BlueGoomba" id="90" name="00290004" tattle="001C0004" tattleCamOffset="0,4,0" sfxWalk="3AC,3AC" sfxJump="10F" sfxHurt="10F" sfxIncrement="30,30"/>
	<ActorType desc="RedGoomba" id="91" name="00290003" tattle="001C0003" tattleCamOffset="0,4,0" sfxWalk="3AC,3AC" sfxJump="10F" sfxHurt="10F" sfxIncrement="30,30"/>
	<ActorType desc="GoombaKing" id="92" name="00290005" tattle="001C0005" tattleCamOffset="0,6,10" sfxWalk="20EC,20EC" sfxHurt="10F" sfxIncrement="22,30"/>
	<ActorType desc="GoomnutTree" id="93" name="00290006" tattle="001C0006" tattleCamOffset="8,12,17" sfxIncrement="30,30"/>
	<ActorType desc="GoombarioTutor1" id="94" name="001D0007" tattle="00000000" sfxIncrement="30,30"/>
	<ActorType desc="Magikoopa" id="95" name="0029005C" tattle="001C0088" sfxJump="3E2" sfxHurt="10F" sfxIncrement="30,30"/>
	<ActorType desc="FlyingMagikoopa" id="96" name="0029005C" tattle="001C0089" sfxJump="3E2" sfxHurt="10F" sfxIncrement="30,30"/>
	<ActorType desc="Magikoopa" id="97" name="0029005C" tattle="001C0088" sfxJump="3E2" sfxHurt="10F" sfxIncrement="30,30"/>
	<ActorType desc="Magikoopa" id="98" name="0029005C" tattle="001C0089" sfxJump="3E2" sfxHurt="10F" sfxIncrement="30,30"/>
	<ActorType desc="FakeBowser" id="99" name="0029000D" tattle="001C000D" sfxWalk="3EA,3EA" sfxIncrement="30,30"/>
	<ActorType desc="KoopaBros" id="9A" name="00290012" tattle="001C0012" tattleCamOffset="0,0,26" shadowOffset="26" sfxIncrement="30,30"/>
	<ActorType desc="GNinjakoopa" id="9B" name="00290011" tattle="001C0011" tattleCamOffset="0,4,0" sfxWalk="20BA,3B4" sfxJump="3E2" sfxIncrement="30,30"/>
	<ActorType desc="RNinjakoopa" id="9C" name="0029000E" tattle="001C000E" tattleCamOffset="0,4,0" sfxWalk="20BA,3B4" sfxJump="3E2" sfxIncrement="30,30"/>
	<ActorType desc="BNinjakoopa" id="9D" name="0029000F" tattle="001C000F" tattleCamOffset="0,4,0" sfxWalk="20BA,3B4" sfxJump="3E2" sfxIncrement="30,30"/>
	<ActorType desc="YNinjakoopa" id="9E" name="00290010" tattle="001C0010" tattleCamOffset="0,4,0" sfxWalk="20BA,3B4" sfxJump="3E2" sfxIncrement="30,30"/>
	<ActorType desc="GoombarioTutor2" id="9F" name="001D0007" tattle="00000000" sfxIncrement="30,30"/>
	<ActorType desc="Buzzar" id="A0" name="0029001B" tattle="001C001B" sfxFly="20EF,20EF" sfxIncrement="-14,-14"/>
	<ActorType desc="Tutankoopa" id="A1" name="0029001C" tattle="001C001C" sfxWalk="20BA,3B4" sfxIncrement="-3,-3"/>
	<ActorType desc="Chomp" id="A2" name="0029001D" tattle="001C001D" sfxHurt="10F" sfxIncrement="30,30"/>
	<ActorType desc="TubbaBlubba" id="A3" name="00290025" tattle="001C0027" sfxWalk="20F6,20F6" sfxIncrement="30,30"/>
	<ActorType desc="TubbaBlubba" id="A4" name="00290025" tattle="001C0025" sfxWalk="20F6,20F6" sfxIncrement="30,30"/>
	<ActorType desc="TubbasHeart" id="A5" name="00290026" tattle="001C0026" sfxJump="20C8" sfxIncrement="30,30"/>
	<ActorType desc="StiltGuy" id="A6" name="00290032" tattle="001C0034" sfxWalk="2066,2066" sfxHurt="10F" sfxIncrement="30,30"/>
	<ActorType desc="ShyStack" id="A7" name="00290031" tattle="001C0033" sfxWalk="20BA,3B4" sfxJump="3E2" sfxHurt="10F" sfxIncrement="10,10"/>
	<ActorType desc="ShySquad" id="A8" name="00290030" tattle="001C0032" tattleCamOffset="0,5,0" sfxHurt="10F" sfxIncrement="30,30"/>
	<ActorType desc="GeneralGuy" id="A9" name="00290079" tattle="00000000" sfxHurt="10F" sfxIncrement="30,30"/>
	<ActorType desc="ToyTank" id="AA" group="AA" name="0029002F" tattle="001C0031" sfxWalk="37E,37E" sfxHurt="10F" sfxIncrement="30,30"/>
	<ActorType desc="LightBulb" id="AB" group="AA" name="0029007A" tattle="00000000" sfxHurt="10F" sfxIncrement="30,30"/>
	<ActorType desc="SignalGuy" id="AC" name="00290027" tattle="001C0029" sfxWalk="20BA,3B4" sfxHurt="10F" sfxIncrement="30,30"/>
	<ActorType desc="ShySquad" id="AD" name="0029007B" tattle="00000000" sfxHurt="10F" sfxIncrement="30,30"/>
	<ActorType desc="ShyGuy" id="AE" name="00290027" tattle="001C0029" sfxWalk="20BA,20BA" sfxHurt="10F" sfxIncrement="30,30"/>
	<ActorType desc="AntiGuy" id="AF" name="0029002D" tattle="001C002F" sfxWalk="20BA,3B4" sfxJump="3E2" sfxHurt="10F" sfxIncrement="30,30"/>
	<ActorType desc="AntiGuy" id="B0" name="0029002D" tattle="001C002F" sfxWalk="20BA,3B4" sfxJump="3E2" sfxHurt="10F" sfxIncrement="30,30"/>
	<ActorType desc="BigLanternGhost" id="B1" name="0029002E" tattle="001C0030" sfxWalk="37D,37D" sfxIncrement="30,30"/>
	<ActorType desc="GoombaKing" id="B2" name="00290005" tattle="001C0005" sfxIncrement="30,30"/>
	<ActorType desc="LavaPiranha" id="B3" name="0029003A" tattle="001C003C" tattleCamOffset="25,-6,60" sfxIncrement="30,30"/>
	<ActorType desc="LavaPiranha" id="B4" name="0029003A" tattle="001C003D" tattleCamOffset="25,-6,60" sfxIncrement="30,30"/>
	<ActorType desc="LavaBud" id="B5" name="0029003B" tattle="001C003E" tattleCamOffset="0,-23,0" sfxIncrement="30,30"/>
	<ActorType desc="LavaBud" id="B6" name="0029003B" tattle="001C003F" tattleCamOffset="0,-23,0" sfxIncrement="30,30"/>
	<ActorType desc="PetitPiranha" id="B7" name="0029003C" tattle="001C0040" sfxIncrement="30,30"/>
	<ActorType desc="PetitPiranhaBomb" id="B8" name="0029003A" tattle="001C003C" sfxIncrement="30,30"/>
	<ActorType desc="KentCKoopa" id="B9" name="00290063" tattle="001C006F" sfxWalk="20EC,20EC" sfxIncrement="30,30"/>
	<ActorType desc="HuffNPuff" id="BA" name="00290045" tattle="001C004A" sfxFly="3D1,0" sfxIncrement="30,30"/>
	<ActorType desc="TuffPuff" id="BB" name="00290046" tattle="001C004B" sfxIncrement="30,30"/>
	<ActorType desc="Monstar" id="BC" name="00290049" tattle="001C004F" sfxIncrement="30,30"/>
	<ActorType desc="CrystalKing" id="BD" group="BD" name="00290057" tattle="001C005D" sfxIncrement="30,30"/>
	<ActorType desc="CrystalClone" id="BE" group="BD" name="00290057" tattle="001C005E" sfxIncrement="30,30"/>
	<ActorType desc="CrystalBit" id="BF" name="00290058" tattle="001C005F" sfxIncrement="30,30"/>
	<ActorType desc="IntroBowser" id="C0" name="00290061" tattle="00000000" shadowOffset="-15" sfxJump="3E7" sfxIncrement="30,30"/>
	<ActorType desc="Bowser1" id="C1" name="00290061" tattle="001C006C" shadowOffset="-15" sfxJump="3E7" sfxIncrement="30,30"/>
	<ActorType desc="Bowser" id="C2" name="00290061" tattle="001C006C" shadowOffset="-15" sfxIncrement="30,30"/>
	<ActorType desc="Bowser2" id="C3" group="C3" name="00290061" tattle="001C006D" tattleCamOffset="-15,19,45" shadowOffset="-15" sfxJump="3E7" sfxIncrement="30,30"/>
	<ActorType desc="Bowser" id="C4" name="00290061" tattle="001C006D" shadowOffset="-15" sfxIncrement="30,30"/>
	<ActorType desc="Bowser3" id="C5" group="C3" name="00290061" tattle="001C006E" tattleCamOffset="-15,19,45" shadowOffset="-15" sfxJump="3E7" sfxIncrement="30,30"/>
	<ActorType desc="Bowser" id="C6" name="00290061" tattle="001C006E" shadowOffset="-15" sfxIncrement="30,30"/>
	<ActorType desc="Blooper" id="C7" name="00290064" tattle="001C0070" sfxIncrement="25,25"/>
	<ActorType desc="ElectroBlooper" id="C8" name="00290065" tattle="001C0071" sfxIncrement="25,25"/>
	<ActorType desc="ElectroBlooper" id="C9" name="00290065" tattle="001C0071" sfxIncrement="25,25"/>
	<ActorType desc="SuperBlooper" id="CA" name="00290066" tattle="001C0072" sfxIncrement="25,25"/>
	<ActorType desc="SuperBlooper" id="CB" name="00290066" tattle="001C0072" sfxIncrement="25,25"/>
	<ActorType desc="BlooperBaby" id="CC" name="00290067" tattle="001C0073" sfxIncrement="30,30"/>
	<ActorType desc="Lakilester" id="CD" name="00290051" tattle="001C0057" sfxWalk="20BA,3B4" sfxFly="20BA,3B4" sfxJump="3E2" sfxHurt="10F" sfxIncrement="30,30"/>
	<ActorType desc="SlotMachineStart" id="CE" name="00290076" tattle="001C0093" tattleCamOffset="0,-30,0" sfxWalk="20BA,3B4" sfxFly="20BA,3B4" sfxJump="3E2" sfxHurt="10F" sfxIncrement="30,30"/>
	<ActorType desc="SlotMachineStop" id="CF" name="00290077" tattle="001C0094" tattleCamOffset="0,-30,0" sfxWalk="20BA,3B4" sfxFly="20BA,3B4" sfxJump="3E2" sfxHurt="10F" sfxIncrement="30,30"/>
	<ActorType desc="Whacka" id="D0" name="00290078" tattle="001C0095" sfxIncrement="30,30"/>
	<ActorType desc="SlotMachineStart" id="D1" name="00290076" tattle="001C0093" sfxIncrement="30,30"/>
	<ActorType desc="SlotMachineStart" id="D2" name="00290076" tattle="001C0093" sfxIncrement="30,30"/>
	<ActorType desc="SlotMachineStart" id="D3" name="00290076" tattle="001C0093" sfxIncrement="30,30"/>
	<ActorType desc="Sectonia" id="D4" name="00290083" tattle="001C0096" tattleCamOffset="0,60,0" sfxIncrement="30,30"/>
</ActorTypes>
