<?xml version="1.0" encoding="UTF-8" standalone="no"?>
<SpriteShading>
	<ShadingGroup>
		<ShadingProfile name="tik_01" protected="true" power="1E" ambient="170,180,170"/>
		<ShadingProfile name="tik_02" protected="true" power="1E" ambient="170,180,170"/>
		<ShadingProfile name="tik_03" protected="true" power="1E" ambient="170,180,170"/>
		<ShadingProfile name="tik_04" protected="true" power="1E" ambient="170,180,170"/>
		<ShadingProfile name="tik_05" protected="true" power="1E" ambient="170,180,170"/>
		<ShadingProfile name="tik_06" protected="true" power="1E" ambient="170,180,170"/>
		<ShadingProfile name="tik_07" protected="true" power="1E" ambient="170,180,170"/>
		<ShadingProfile name="tik_08" protected="true" power="1E" ambient="170,180,170"/>
		<ShadingProfile name="tik_09" protected="true" power="1E" ambient="170,180,170"/>
		<ShadingProfile name="tik_10" protected="true" power="1E" ambient="170,180,170"/>
		<ShadingProfile name="tik_12" protected="true" power="1E" ambient="170,180,170"/>
		<ShadingProfile name="tik_14" protected="true" power="1E" ambient="170,180,170"/>
		<ShadingProfile name="tik_15" protected="true" power="1E" ambient="170,180,170"/>
		<ShadingProfile name="tik_18" protected="true" power="1E" ambient="170,180,170"/>
		<ShadingProfile name="tik_20" protected="true" power="1E" ambient="170,180,170"/>
		<ShadingProfile name="tik_21" protected="true" power="1E" ambient="170,180,170"/>
		<ShadingProfile name="tik_22" protected="true" power="1E" ambient="170,180,170"/>
		<ShadingProfile name="tik_23" protected="true" power="1E" ambient="170,180,170"/>
		<ShadingProfile name="tik_24" protected="true" power="1E" ambient="170,180,170"/>
		<ShadingProfile name="tik_25" protected="true" power="1E" ambient="170,180,170"/>
	</ShadingGroup>
	<ShadingGroup>
		<ShadingProfile name="kmr_30" protected="true" power="30" ambient="120,120,254">
			<PointLight flags="5" pos="273,113,-178" color="255,0,242" coef="0.010000" unk="0"/>
		</ShadingProfile>
	</ShadingGroup>
	<ShadingGroup>
		<ShadingProfile name="isk_03" protected="true" power="1E" ambient="160,150,255">
			<PointLight flags="5" pos="366,-87,367" color="190,101,47" coef="0.010000" unk="0"/>
			<PointLight flags="5" pos="458,-86,216" color="190,101,47" coef="0.010000" unk="0"/>
			<PointLight flags="5" pos="509,91,486" color="60,60,60" coef="0.010000" unk="0"/>
			<PointLight flags="5" pos="563,89,397" color="60,60,60" coef="0.010000" unk="0"/>
			<PointLight flags="5" pos="668,92,343" color="60,60,60" coef="0.010000" unk="0"/>
		</ShadingProfile>
		<ShadingProfile name="isk_04" protected="true" power="1E" ambient="160,150,255">
			<PointLight flags="5" pos="508,-165,42" color="190,101,47" coef="0.010000" unk="0"/>
			<PointLight flags="5" pos="489,-165,-124" color="190,101,47" coef="0.010000" unk="0"/>
			<PointLight flags="5" pos="689,-41,43" color="255,255,255" coef="0.010000" unk="0"/>
			<PointLight flags="5" pos="684,36,-107" color="255,255,255" coef="0.010000" unk="0"/>
			<PointLight flags="5" pos="702,90,1" color="255,255,255" coef="0.010000" unk="0"/>
		</ShadingProfile>
		<ShadingProfile name="isk_05" protected="true" power="1E" ambient="160,150,255">
			<PointLight flags="5" pos="423,68,-295" color="255,50,50" coef="0.010000" unk="0"/>
		</ShadingProfile>
		<ShadingProfile name="isk_06" protected="true" power="1E" ambient="160,150,255">
			<PointLight flags="5" pos="415,-222,-294" color="190,101,47" coef="0.010000" unk="0"/>
			<PointLight flags="5" pos="291,-223,-407" color="190,101,47" coef="0.010000" unk="0"/>
			<PointLight flags="5" pos="510,-50,-426" color="40,40,40" coef="0.010000" unk="0"/>
			<PointLight flags="5" pos="432,-49,-504" color="40,40,40" coef="0.010000" unk="0"/>
		</ShadingProfile>
		<ShadingProfile name="isk_07" protected="true" power="1E" ambient="160,150,253">
			<PointLight flags="5" pos="-221,-349,471" color="255,50,50" coef="0.010000" unk="0"/>
			<PointLight flags="5" pos="-46,-349,519" color="255,50,50" coef="0.010000" unk="0"/>
			<PointLight flags="5" pos="134,-349,500" color="255,50,50" coef="0.010000" unk="0"/>
			<PointLight flags="5" pos="298,-349,427" color="255,50,50" coef="0.010000" unk="0"/>
			<PointLight flags="5" pos="424,-349,301" color="255,50,50" coef="0.010000" unk="0"/>
			<PointLight flags="5" pos="297,-191,422" color="255,50,50" coef="0.010000" unk="0"/>
			<PointLight flags="5" pos="421,-189,293" color="255,50,50" coef="0.010000" unk="0"/>
		</ShadingProfile>
		<ShadingProfile name="isk_08" protected="true" power="1E" ambient="160,150,252">
			<PointLight flags="5" pos="-457,-445,214" color="255,20,20" coef="0.010000" unk="0"/>
			<PointLight flags="5" pos="-364,-448,358" color="255,20,20" coef="0.010000" unk="0"/>
			<PointLight flags="5" pos="-475,-300,224" color="255,50,50" coef="0.010000" unk="0"/>
			<PointLight flags="5" pos="-352,-299,354" color="255,50,50" coef="0.010000" unk="0"/>
		</ShadingProfile>
		<ShadingProfile name="isk_09" protected="true" power="1E" ambient="160,150,253">
			<PointLight flags="5" pos="57,-186,-573" color="255,255,255" coef="0.010000" unk="0"/>
			<PointLight flags="5" pos="-171,-261,-478" color="255,50,50" coef="0.010000" unk="0"/>
			<PointLight flags="5" pos="-395,-259,-331" color="255,50,50" coef="0.010000" unk="0"/>
			<PointLight flags="5" pos="-510,-260,-88" color="255,50,50" coef="0.010000" unk="0"/>
			<PointLight flags="5" pos="-177,-124,-486" color="255,50,50" coef="0.010000" unk="0"/>
			<PointLight flags="5" pos="-387,-126,-329" color="255,50,50" coef="0.010000" unk="0"/>
			<PointLight flags="5" pos="-505,-126,-88" color="255,50,50" coef="0.010000" unk="0"/>
		</ShadingProfile>
		<ShadingProfile name="isk_10" protected="true" power="1E" ambient="140,130,253">
			<PointLight flags="5" pos="-509,-712,39" color="255,70,20" coef="0.010000" unk="0"/>
			<PointLight flags="5" pos="-511,-450,43" color="255,70,20" coef="0.010000" unk="0"/>
			<PointLight flags="5" pos="-729,-513,55" color="150,150,253" coef="0.015000" unk="0"/>
		</ShadingProfile>
		<ShadingProfile name="isk_11" protected="true" power="1E" ambient="150,140,252">
			<PointLight flags="5" pos="-41,-821,504" color="255,70,20" coef="0.010000" unk="0"/>
			<PointLight flags="5" pos="133,-761,492" color="255,70,20" coef="0.010000" unk="0"/>
			<PointLight flags="5" pos="-46,-652,519" color="255,70,20" coef="0.010000" unk="0"/>
			<PointLight flags="5" pos="128,-564,490" color="255,70,20" coef="0.010000" unk="0"/>
			<PointLight flags="5" pos="292,-419,410" color="255,70,20" coef="0.010000" unk="0"/>
			<PointLight flags="5" pos="138,-419,509" color="255,70,20" coef="0.010000" unk="0"/>
			<PointLight flags="5" pos="-141,-419,531" color="255,70,20" coef="0.010000" unk="0"/>
		</ShadingProfile>
		<ShadingProfile name="isk_12" protected="true" power="1E" ambient="140,130,252">
			<PointLight flags="5" pos="414,-420,294" color="255,70,20" coef="0.010000" unk="0"/>
			<PointLight flags="5" pos="500,-419,42" color="255,70,20" coef="0.010000" unk="0"/>
			<PointLight flags="5" pos="417,-609,294" color="255,0,0" coef="0.010000" unk="0"/>
			<PointLight flags="5" pos="415,-609,190" color="255,0,0" coef="0.010000" unk="0"/>
			<PointLight flags="5" pos="434,-609,122" color="255,0,0" coef="0.010000" unk="0"/>
			<PointLight flags="5" pos="507,-609,44" color="255,0,0" coef="0.010000" unk="0"/>
			<PointLight flags="5" pos="731,-844,268" color="255,255,255" coef="0.010000" unk="0"/>
		</ShadingProfile>
		<ShadingProfile name="isk_13" protected="true" power="1E" ambient="150,140,255">
			<PointLight flags="5" pos="542,-552,-154" color="255,70,20" coef="0.010000" unk="0"/>
			<PointLight flags="5" pos="418,-550,-298" color="255,70,20" coef="0.010000" unk="0"/>
		</ShadingProfile>
		<ShadingProfile name="isk_14" protected="true" power="1E" ambient="140,130,255">
			<PointLight flags="1" pos="-460,-700,-220" color="255,0,0" coef="0.010000" unk="0"/>
			<PointLight flags="1" pos="-375,-632,-367" color="255,0,0" coef="0.010000" unk="0"/>
		</ShadingProfile>
		<ShadingProfile name="isk_16" protected="true" power="1E" ambient="140,130,254">
			<PointLight flags="5" pos="298,-831,420" color="255,30,10" coef="0.010000" unk="0"/>
			<PointLight flags="5" pos="416,-830,294" color="255,30,10" coef="0.010000" unk="0"/>
			<PointLight flags="5" pos="546,-909,542" color="255,255,255" coef="0.010000" unk="0"/>
		</ShadingProfile>
		<ShadingProfile name="isk_17" protected="true" power="1E" ambient="68,68,255">
			<PointLight flags="5" pos="490,-832,124" color="188,75,0" coef="0.010000" unk="0"/>
			<PointLight flags="5" pos="497,-834,43" color="175,75,1" coef="0.010000" unk="0"/>
			<PointLight flags="5" pos="683,-897,118" color="255,255,255" coef="0.010000" unk="0"/>
		</ShadingProfile>
		<ShadingProfile name="isk_18" protected="true" power="1E" ambient="140,130,255">
			<PointLight flags="5" pos="-508,-729,239" color="255,30,10" coef="0.010000" unk="0"/>
			<PointLight flags="5" pos="-389,-731,394" color="255,30,10" coef="0.010000" unk="0"/>
			<PointLight flags="5" pos="-231,-732,505" color="255,30,10" coef="0.010000" unk="0"/>
			<PointLight flags="5" pos="-51,-731,562" color="255,30,10" coef="0.010000" unk="0"/>
			<PointLight flags="5" pos="140,-728,546" color="255,30,10" coef="0.010000" unk="0"/>
			<PointLight flags="5" pos="320,-727,465" color="255,30,10" coef="0.010000" unk="0"/>
			<PointLight flags="5" pos="-145,-729,556" color="175,175,175" coef="0.010000" unk="0"/>
		</ShadingProfile>
		<ShadingProfile name="isk_19" protected="true" power="1E" ambient="140,130,252">
			<PointLight flags="5" pos="528,-830,131" color="255,30,0" coef="0.010000" unk="0"/>
			<PointLight flags="5" pos="560,-829,54" color="255,30,10" coef="0.010000" unk="0"/>
		</ShadingProfile>
	</ShadingGroup>
	<ShadingGroup>
		<ShadingProfile name="hos_01" protected="true" power="1E" ambient="150,150,200">
			<PointLight flags="5" pos="-422,78,-339" color="194,255,0" coef="0.010000" unk="0"/>
			<PointLight flags="5" pos="-435,102,55" color="255,255,0" coef="0.010000" unk="0"/>
			<PointLight flags="5" pos="-100,142,441" color="255,255,0" coef="0.010000" unk="0"/>
			<PointLight flags="5" pos="57,186,221" color="255,255,95" coef="0.010000" unk="0"/>
			<PointLight flags="5" pos="390,180,-146" color="0,255,255" coef="0.010000" unk="0"/>
			<PointLight flags="5" pos="-82,255,-488" color="17,255,0" coef="0.010000" unk="0"/>
			<PointLight flags="5" pos="-22,334,-176" color="136,255,255" coef="0.010000" unk="0"/>
		</ShadingProfile>
	</ShadingGroup>
	<ShadingGroup>
		<ShadingProfile name="osr_02" protected="true" power="1E" ambient="140,140,180">
			<PointLight flags="9" pos="-83,100,-222" color="255,150,175" coef="0.000090" unk="0"/>
			<PointLight flags="9" pos="80,100,-219" color="255,150,175" coef="0.000090" unk="0"/>
			<PointLight flags="9" pos="-270,81,100" color="255,150,175" coef="0.000090" unk="0"/>
			<PointLight flags="9" pos="351,73,32" color="255,150,175" coef="0.000090" unk="0"/>
			<PointLight flags="9" pos="183,76,157" color="255,150,175" coef="0.000090" unk="0"/>
			<PointLight flags="9" pos="0,78,161" color="255,150,175" coef="0.000090" unk="0"/>
		</ShadingProfile>
	</ShadingGroup>
	<ShadingGroup>
		<ShadingProfile name="kkj_10" protected="true" power="1E" ambient="120,120,180">
			<PointLight flags="9" pos="0,0,0" color="250,220,160" coef="0.000088" unk="0"/>
			<PointLight flags="9" pos="0,0,0" color="250,220,160" coef="0.000088" unk="0"/>
		</ShadingProfile>
		<ShadingProfile name="kkj_11" protected="true" power="1E" ambient="120,120,180">
			<PointLight flags="9" pos="0,0,0" color="250,220,160" coef="0.000088" unk="0"/>
			<PointLight flags="9" pos="0,0,0" color="250,220,160" coef="0.000088" unk="0"/>
			<PointLight flags="9" pos="0,0,0" color="250,220,160" coef="0.000088" unk="0"/>
		</ShadingProfile>
		<ShadingProfile name="kkj_12" protected="true" power="1E" ambient="120,120,180">
			<PointLight flags="5" pos="844,130,0" color="130,130,90" coef="0.007000" unk="0"/>
			<PointLight flags="9" pos="1140,130,0" color="250,220,160" coef="0.000088" unk="0"/>
			<PointLight flags="5" pos="119,54,-228" color="250,220,160" coef="0.010000" unk="0"/>
		</ShadingProfile>
		<ShadingProfile name="kkj_13" protected="true" power="1E" ambient="140,140,200">
			<PointLight flags="9" pos="200,70,-300" color="130,130,90" coef="0.030000" unk="0"/>
			<PointLight flags="5" pos="600,70,-200" color="130,130,110" coef="0.011000" unk="0"/>
			<PointLight flags="5" pos="750,90,-130" color="200,30,0" coef="0.010000" unk="0"/>
			<PointLight flags="9" pos="1000,70,-300" color="130,130,90" coef="0.030000" unk="0"/>
			<PointLight flags="5" pos="450,90,-130" color="200,30,0" coef="0.010000" unk="0"/>
		</ShadingProfile>
		<ShadingProfile name="kkj_17" protected="true" power="1E" ambient="120,120,180">
			<PointLight flags="5" pos="-45,20,-30" color="255,255,0" coef="0.010000" unk="0"/>
		</ShadingProfile>
		<ShadingProfile name="kkj_20" protected="true" power="1E" ambient="120,120,180">
			<PointLight flags="5" pos="75,110,-130" color="255,30,0" coef="0.007000" unk="0"/>
		</ShadingProfile>
		<ShadingProfile name="kkj_22" protected="true" power="1E" ambient="120,120,180">
			<PointLight flags="5" pos="310,150,-320" color="130,130,90" coef="0.011000" unk="0"/>
			<PointLight flags="5" pos="150,250,-320" color="130,130,90" coef="0.011000" unk="0"/>
			<PointLight flags="5" pos="-10,300,-320" color="130,130,90" coef="0.011000" unk="0"/>
			<PointLight flags="5" pos="-180,370,-320" color="130,130,90" coef="0.011000" unk="0"/>
			<PointLight flags="5" pos="-340,370,-320" color="130,130,90" coef="0.011000" unk="0"/>
		</ShadingProfile>
		<ShadingProfile name="kkj_23" protected="true" power="1E" ambient="160,160,220"/>
		<ShadingProfile name="kkj_24" protected="true" power="1E" ambient="140,140,200"/>
		<ShadingProfile name="kkj_25" protected="true" power="1E" ambient="160,160,220"/>
		<ShadingProfile name="kkj_26" protected="true" power="1E" ambient="120,120,180">
			<PointLight flags="5" pos="400,80,-30" color="255,255,0" coef="0.007000" unk="0"/>
		</ShadingProfile>
		<ShadingProfile name="kkj_27" protected="true" power="1E" ambient="100,100,160">
			<PointLight flags="9" pos="-230,100,0" color="200,30,0" coef="0.000030" unk="0"/>
			<PointLight flags="9" pos="70,100,-60" color="200,30,0" coef="0.000090" unk="0"/>
			<PointLight flags="9" pos="220,100,-60" color="200,30,0" coef="0.000090" unk="0"/>
			<PointLight flags="9" pos="370,100,-60" color="200,30,0" coef="0.000090" unk="0"/>
			<PointLight flags="5" pos="425,20,100" color="255,255,255" coef="0.013000" unk="0"/>
		</ShadingProfile>
	</ShadingGroup>
	<ShadingGroup>
		<ShadingProfile name="jan_17" protected="true" power="A" ambient="180,180,180">
			<PointLight flags="5" pos="-276,33,0" color="0,255,0" coef="0.010000" unk="0"/>
			<PointLight flags="5" pos="0,201,0" color="0,255,255" coef="0.010000" unk="0"/>
			<PointLight flags="5" pos="242,485,139" color="0,255,0" coef="0.010000" unk="0"/>
		</ShadingProfile>
		<ShadingProfile name="jan_19" protected="true" power="A" ambient="180,180,180">
			<PointLight flags="5" pos="5,203,-9" color="0,255,255" coef="0.010000" unk="0"/>
			<PointLight flags="5" pos="-273,49,3" color="0,255,0" coef="0.010000" unk="0"/>
			<PointLight flags="5" pos="238,500,136" color="0,255,0" coef="0.010000" unk="0"/>
		</ShadingProfile>
	</ShadingGroup>
	<ShadingGroup>
		<ShadingProfile name="mim_01" protected="true" power="1E" ambient="160,160,255"/>
		<ShadingProfile name="mim_02" protected="true" power="1E" ambient="160,160,255"/>
		<ShadingProfile name="mim_03" protected="true" power="1E" ambient="160,160,255"/>
		<ShadingProfile name="mim_04" protected="true" power="1E" ambient="160,160,255"/>
		<ShadingProfile name="mim_05" protected="true" power="1E" ambient="160,160,255"/>
		<ShadingProfile name="mim_06" protected="true" power="1E" ambient="160,160,255"/>
		<ShadingProfile name="mim_07" protected="true" power="1E" ambient="160,160,255"/>
		<ShadingProfile name="mim_08" protected="true" power="1E" ambient="160,160,255"/>
		<ShadingProfile name="mim_09" protected="true" power="1E" ambient="160,160,255"/>
		<ShadingProfile name="mim_11" protected="true" power="1E" ambient="160,160,255"/>
		<ShadingProfile name="mim_12" protected="true" power="1E" ambient="160,160,255"/>
	</ShadingGroup>
	<ShadingGroup>
		<ShadingProfile name="arn_09" protected="true" power="1E" ambient="180,180,180">
			<PointLight flags="9" pos="0,0,0" color="255,255,0" coef="0.000200" unk="0"/>
		</ShadingProfile>
		<ShadingProfile name="arn_10" protected="true" power="1E" ambient="180,180,180"/>
		<ShadingProfile name="arn_11" protected="true" power="1E" ambient="180,180,180">
			<PointLight flags="9" pos="120,40,0" color="255,255,0" coef="0.000150" unk="0"/>
		</ShadingProfile>
		<ShadingProfile name="arn_12" protected="true" power="1E" ambient="180,180,180"/>
		<ShadingProfile name="arn_13" protected="true" power="1E" ambient="180,180,180"/>
	</ShadingGroup>
	<ShadingGroup>
		<ShadingProfile name="dgb_06" protected="true" power="1E" ambient="180,160,130">
			<PointLight flags="5" pos="-141,199,-217" color="255,255,255" coef="0.005000" unk="0"/>
		</ShadingProfile>
	</ShadingGroup>
	<ShadingGroup>
		<ShadingProfile name="kzn_01" protected="true" power="28" ambient="155,120,120">
			<PointLight flags="5" pos="-517,21,-2" color="255,255,255" coef="0.006380" unk="0"/>
			<PointLight flags="5" pos="45,-76,-58" color="0,78,255" coef="0.010000" unk="0"/>
		</ShadingProfile>
		<ShadingProfile name="kzn_02" protected="true" power="96" ambient="170,135,135">
			<PointLight flags="5" pos="-126,39,168" color="255,0,0" coef="0.088984" unk="0"/>
			<PointLight flags="5" pos="-119,92,165" color="255,0,0" coef="0.010000" unk="0"/>
			<PointLight flags="5" pos="240,39,183" color="255,0,0" coef="0.010000" unk="0"/>
			<PointLight flags="5" pos="254,75,168" color="255,255,255" coef="0.010000" unk="0"/>
		</ShadingProfile>
		<ShadingProfile name="kzn_03" protected="true" power="1E" ambient="160,120,120">
			<PointLight flags="5" pos="112,-6,367" color="255,95,0" coef="0.010000" unk="0"/>
			<PointLight flags="1" pos="-255,50,472" color="100,148,77" coef="0.010000" unk="0"/>
			<PointLight flags="5" pos="76,242,249" color="255,125,0" coef="0.010000" unk="0"/>
			<PointLight flags="5" pos="223,443,259" color="255,95,0" coef="0.010000" unk="0"/>
			<PointLight flags="1" pos="-73,630,55" color="104,90,29" coef="0.010000" unk="0"/>
		</ShadingProfile>
		<ShadingProfile name="kzn_04" protected="true" power="2B" ambient="160,120,120">
			<PointLight flags="5" pos="-59,497,101" color="255,0,0" coef="0.010000" unk="0"/>
			<PointLight flags="5" pos="540,501,120" color="255,255,255" coef="0.010000" unk="0"/>
			<PointLight flags="5" pos="-274,504,113" color="101,116,104" coef="0.010066" unk="0"/>
			<PointLight flags="5" pos="280,504,126" color="109,102,104" coef="0.010000" unk="0"/>
		</ShadingProfile>
		<ShadingProfile name="kzn_05" protected="true" power="32" ambient="160,120,120">
			<PointLight flags="9" pos="369,-9,223" color="68,72,0" coef="0.010000" unk="0"/>
		</ShadingProfile>
		<ShadingProfile name="kzn_06" protected="true" power="28" ambient="160,120,120">
			<PointLight flags="5" pos="-71,47,236" color="255,0,0" coef="0.010000" unk="0"/>
			<PointLight flags="5" pos="361,233,-124" color="0,0,255" coef="0.010000" unk="0"/>
		</ShadingProfile>
		<ShadingProfile name="kzn_07" protected="true" power="50" ambient="160,120,120">
			<PointLight flags="5" pos="-1,-13,242" color="255,0,0" coef="0.010000" unk="0"/>
			<PointLight flags="5" pos="1,74,-240" color="255,255,255" coef="0.010000" unk="0"/>
			<PointLight flags="5" pos="-212,2,387" color="255,255,255" coef="0.010000" unk="0"/>
		</ShadingProfile>
		<ShadingProfile name="kzn_08" protected="true" power="19" ambient="160,120,120">
			<PointLight flags="5" pos="-97,-17,293" color="255,100,0" coef="0.010000" unk="0"/>
			<PointLight flags="5" pos="-176,-32,-90" color="255,33,0" coef="0.010000" unk="0"/>
			<PointLight flags="5" pos="124,161,7" color="255,255,255" coef="0.010000" unk="0"/>
			<PointLight flags="5" pos="58,13,328" color="255,255,255" coef="0.010000" unk="0"/>
		</ShadingProfile>
		<ShadingProfile name="kzn_09" protected="true" power="14" ambient="160,120,120">
			<PointLight flags="5" pos="-478,431,136" color="76,72,0" coef="0.010000" unk="0"/>
			<PointLight flags="5" pos="-528,879,-51" color="76,72,0" coef="0.010000" unk="0"/>
		</ShadingProfile>
		<ShadingProfile name="kzn_10" protected="true" power="A" ambient="160,120,120">
			<PointLight flags="5" pos="-22,-75,64" color="145,151,68" coef="0.010000" unk="0"/>
			<PointLight flags="5" pos="335,-172,81" color="0,0,255" coef="0.010000" unk="0"/>
			<PointLight flags="5" pos="490,-236,-1" color="255,255,255" coef="0.010000" unk="0"/>
		</ShadingProfile>
		<ShadingProfile name="kzn_11" protected="true" power="A" ambient="170,135,135">
			<PointLight flags="5" pos="-287,20,117" color="255,50,0" coef="0.010000" unk="0"/>
			<PointLight flags="5" pos="0,41,122" color="255,50,0" coef="0.010000" unk="0"/>
			<PointLight flags="5" pos="323,21,151" color="255,50,0" coef="0.010000" unk="0"/>
		</ShadingProfile>
		<ShadingProfile name="kzn_17" protected="true" power="14" ambient="160,120,120">
			<PointLight flags="5" pos="345,-12,125" color="255,0,0" coef="0.010000" unk="0"/>
			<PointLight flags="5" pos="108,-15,97" color="255,0,0" coef="0.010000" unk="0"/>
			<PointLight flags="5" pos="221,-32,120" color="255,0,0" coef="0.010000" unk="0"/>
		</ShadingProfile>
		<ShadingProfile name="kzn_18" protected="true" power="1E" ambient="160,120,120">
			<PointLight flags="5" pos="-314,49,179" color="255,30,0" coef="0.010000" unk="0"/>
			<PointLight flags="5" pos="111,21,95" color="255,30,0" coef="0.010000" unk="0"/>
			<PointLight flags="5" pos="325,21,-139" color="255,30,0" coef="0.010000" unk="0"/>
		</ShadingProfile>
		<ShadingProfile name="kzn_19" protected="true" power="1E" ambient="160,120,120">
			<PointLight flags="5" pos="-322,2,-135" color="255,30,0" coef="0.010000" unk="0"/>
			<PointLight flags="5" pos="-99,65,100" color="255,0,0" coef="0.010000" unk="0"/>
			<PointLight flags="5" pos="316,49,-69" color="255,50,40" coef="0.019660" unk="0"/>
		</ShadingProfile>
		<ShadingProfile name="kzn_20" protected="true" power="14" ambient="160,120,120">
			<PointLight flags="5" pos="103,192,178" color="255,255,255" coef="0.010000" unk="0"/>
		</ShadingProfile>
		<ShadingProfile name="kzn_22" protected="true" power="1E" ambient="170,120,120">
			<PointLight flags="5" pos="391,155,82" color="255,0,0" coef="0.010000" unk="0"/>
			<PointLight flags="5" pos="0,0,0" color="255,255,255" coef="0.010000" unk="0"/>
			<PointLight flags="5" pos="482,241,176" color="255,255,117" coef="0.010000" unk="0"/>
		</ShadingProfile>
		<ShadingProfile name="kzn_23" protected="true" power="46" ambient="190,90,90">
			<PointLight flags="5" pos="0,2690,35" color="255,255,255" coef="0.010000" unk="0"/>
		</ShadingProfile>
	</ShadingGroup>
	<ShadingGroup>
		<ShadingProfile name="unused_A" protected="true" power="10" ambient="128,128,128">
			<PointLight flags="5" pos="0,130,0" color="255,255,255" coef="0.010000" unk="0"/>
		</ShadingProfile>
	</ShadingGroup>
	<ShadingGroup>
		<ShadingProfile name="unused_B" protected="true" power="2C" ambient="40,59,16">
			<PointLight flags="5" pos="-20,49,54" color="207,8,6" coef="0.010000" unk="0"/>
			<PointLight flags="5" pos="141,3,25" color="84,70,83" coef="0.010000" unk="0"/>
		</ShadingProfile>
	</ShadingGroup>
</SpriteShading>
