<?xml version="1.0" encoding="UTF-8" standalone="no"?>
<Fonts>
	<Font name="Normal" lineHeight="16" unk="14" fullspaceWidth="10,10,10,10" baseHeightOffset="0,-2,0,0"/>
	<Font name="Menus" lineHeight="16" unk="14" fullspaceWidth="9,9,9,9" baseHeightOffset="-2,0,0,0"/>
	<Font name="Title" lineHeight="16" unk="14" fullspaceWidth="14" baseHeightOffset="0"/>
	<Font name="Subtitle" lineHeight="10" unk="10" fullspaceWidth="10" baseHeightOffset="0"/>
	<CharSet name="normal">
		<Character width="11"/> <!-- id = 00, val = "NOTE" -->
		<Character width="8"/> <!--  id = 01, val = "!" -->
		<Character width="8"/> <!--  id = 02, val = """ -->
		<Character width="10"/> <!-- id = 03, val = "#" -->
		<Character width="9"/> <!--  id = 04, val = "$" -->
		<Character width="9"/> <!--  id = 05, val = "%" -->
		<Character width="9"/> <!--  id = 06, val = "&" -->
		<Character width="4"/> <!--  id = 07, val = "'" -->
		<Character width="8"/> <!--  id = 08, val = "( " -->
		<Character width="8"/> <!--  id = 09, val = ")" -->
		<Character width="9"/> <!--  id = 0A, val = "*" -->
		<Character width="9"/> <!--  id = 0B, val = "+" -->
		<Character width="5"/> <!--  id = 0C, val = "," -->
		<Character width="9"/> <!--  id = 0D, val = "-" -->
		<Character width="5"/> <!--  id = 0E, val = "." -->
		<Character width="10"/> <!-- id = 0F, val = "/" -->
		<Character width="9"/> <!--  id = 10, val = "0" -->
		<Character width="7"/> <!--  id = 11, val = "1" -->
		<Character width="9"/> <!--  id = 12, val = "2" -->
		<Character width="9"/> <!--  id = 13, val = "3" -->
		<Character width="9"/> <!--  id = 14, val = "4" -->
		<Character width="9"/> <!--  id = 15, val = "5" -->
		<Character width="9"/> <!--  id = 16, val = "6" -->
		<Character width="9"/> <!--  id = 17, val = "7" -->
		<Character width="9"/> <!--  id = 18, val = "8" -->
		<Character width="9"/> <!--  id = 19, val = "9" -->
		<Character width="5"/> <!--  id = 1A, val = ":" -->
		<Character width="5"/> <!--  id = 1B, val = ";" -->
		<Character width="8"/> <!--  id = 1C, val = "<" -->
		<Character width="9"/> <!--  id = 1D, val = "=" -->
		<Character width="8"/> <!--  id = 1E, val = ">" -->
		<Character width="9"/> <!--  id = 1F, val = "?" -->
		<Character width="10"/> <!-- id = 20, val = "@" -->
		<Character width="9"/> <!--  id = 21, val = "A" -->
		<Character width="9"/> <!--  id = 22, val = "B" -->
		<Character width="9"/> <!--  id = 23, val = "C" -->
		<Character width="9"/> <!--  id = 24, val = "D" -->
		<Character width="9"/> <!--  id = 25, val = "E" -->
		<Character width="9"/> <!--  id = 26, val = "F" -->
		<Character width="9"/> <!--  id = 27, val = "G" -->
		<Character width="9"/> <!--  id = 28, val = "H" -->
		<Character width="7"/> <!--  id = 29, val = "I" -->
		<Character width="9"/> <!--  id = 2A, val = "J" -->
		<Character width="9"/> <!--  id = 2B, val = "K" -->
		<Character width="9"/> <!--  id = 2C, val = "L" -->
		<Character width="9"/> <!--  id = 2D, val = "M" -->
		<Character width="9"/> <!--  id = 2E, val = "N" -->
		<Character width="9"/> <!--  id = 2F, val = "O" -->
		<Character width="9"/> <!--  id = 30, val = "P" -->
		<Character width="9"/> <!--  id = 31, val = "Q" -->
		<Character width="9"/> <!--  id = 32, val = "R" -->
		<Character width="9"/> <!--  id = 33, val = "S" -->
		<Character width="9"/> <!--  id = 34, val = "T" -->
		<Character width="9"/> <!--  id = 35, val = "U" -->
		<Character width="9"/> <!--  id = 36, val = "V" -->
		<Character width="9"/> <!--  id = 37, val = "W" -->
		<Character width="9"/> <!--  id = 38, val = "X" -->
		<Character width="9"/> <!--  id = 39, val = "Y" -->
		<Character width="9"/> <!--  id = 3A, val = "Z" -->
		<Character width="7"/> <!--  id = 3B, val = "[" -->
		<Character width="9"/> <!--  id = 3C, val = "¥" -->
		<Character width="6"/> <!--  id = 3D, val = "]" -->
		<Character width="7"/> <!--  id = 3E, val = "^" -->
		<Character width="9"/> <!--  id = 3F, val = "_" -->
		<Character width="6"/> <!--  id = 40, val = "`" -->
		<Character width="9"/> <!--  id = 41, val = "a" -->
		<Character width="8"/> <!--  id = 42, val = "b" -->
		<Character width="8"/> <!--  id = 43, val = "c" -->
		<Character width="9"/> <!--  id = 44, val = "d" -->
		<Character width="8"/> <!--  id = 45, val = "e" -->
		<Character width="8"/> <!--  id = 46, val = "f" -->
		<Character width="8"/> <!--  id = 47, val = "g" -->
		<Character width="7"/> <!--  id = 48, val = "h" -->
		<Character width="4"/> <!--  id = 49, val = "i" -->
		<Character width="7"/> <!--  id = 4A, val = "j" -->
		<Character width="8"/> <!--  id = 4B, val = "k" -->
		<Character width="4"/> <!--  id = 4C, val = "l" -->
		<Character width="9"/> <!--  id = 4D, val = "m" -->
		<Character width="8"/> <!--  id = 4E, val = "n" -->
		<Character width="7"/> <!--  id = 4F, val = "o" -->
		<Character width="9"/> <!--  id = 50, val = "p" -->
		<Character width="8"/> <!--  id = 51, val = "q" -->
		<Character width="8"/> <!--  id = 52, val = "r" -->
		<Character width="8"/> <!--  id = 53, val = "s" -->
		<Character width="8"/> <!--  id = 54, val = "t" -->
		<Character width="8"/> <!--  id = 55, val = "u" -->
		<Character width="8"/> <!--  id = 56, val = "v" -->
		<Character width="9"/> <!--  id = 57, val = "w" -->
		<Character width="8"/> <!--  id = 58, val = "x" -->
		<Character width="8"/> <!--  id = 59, val = "y" -->
		<Character width="8"/> <!--  id = 5A, val = "z" -->
		<Character width="7"/> <!--  id = 5B, val = "{" -->
		<Character width="3"/> <!--  id = 5C, val = "|" -->
		<Character width="7"/> <!--  id = 5D, val = "}" -->
		<Character width="10"/> <!-- id = 5E, val = "~" -->
		<Character width="7"/> <!--  id = 5F, val = "°" -->
		<Character width="9"/> <!--  id = 60, val = "À" -->
		<Character width="9"/> <!--  id = 61, val = "Á" -->
		<Character width="9"/> <!--  id = 62, val = "Â" -->
		<Character width="9"/> <!--  id = 63, val = "Ä" -->
		<Character width="9"/> <!--  id = 64, val = "Ç" -->
		<Character width="9"/> <!--  id = 65, val = "È" -->
		<Character width="9"/> <!--  id = 66, val = "É" -->
		<Character width="9"/> <!--  id = 67, val = "Ê" -->
		<Character width="9"/> <!--  id = 68, val = "Ë" -->
		<Character width="7"/> <!--  id = 69, val = "Ì" -->
		<Character width="7"/> <!--  id = 6A, val = "Í" -->
		<Character width="7"/> <!--  id = 6B, val = "Î" -->
		<Character width="8"/> <!--  id = 6C, val = "Ï" -->
		<Character width="9"/> <!--  id = 6D, val = "Ñ" -->
		<Character width="9"/> <!--  id = 6E, val = "Ò" -->
		<Character width="9"/> <!--  id = 6F, val = "Ó" -->
		<Character width="9"/> <!--  id = 70, val = "Ô" -->
		<Character width="9"/> <!--  id = 71, val = "Ö" -->
		<Character width="9"/> <!--  id = 72, val = "Ù" -->
		<Character width="9"/> <!--  id = 73, val = "Ú" -->
		<Character width="9"/> <!--  id = 74, val = "Û" -->
		<Character width="9"/> <!--  id = 75, val = "Ü" -->
		<Character width="9"/> <!--  id = 76, val = "ß" -->
		<Character width="9"/> <!--  id = 77, val = "à" -->
		<Character width="9"/> <!--  id = 78, val = "á" -->
		<Character width="9"/> <!--  id = 79, val = "â" -->
		<Character width="9"/> <!--  id = 7A, val = "ä" -->
		<Character width="8"/> <!--  id = 7B, val = "ç" -->
		<Character width="8"/> <!--  id = 7C, val = "è" -->
		<Character width="8"/> <!--  id = 7D, val = "é" -->
		<Character width="8"/> <!--  id = 7E, val = "ê" -->
		<Character width="8"/> <!--  id = 7F, val = "ë" -->
		<Character width="6"/> <!--  id = 80, val = "ì" -->
		<Character width="6"/> <!--  id = 81, val = "í" -->
		<Character width="6"/> <!--  id = 82, val = "î" -->
		<Character width="7"/> <!--  id = 83, val = "ï" -->
		<Character width="9"/> <!--  id = 84, val = "ñ" -->
		<Character width="7"/> <!--  id = 85, val = "ò" -->
		<Character width="7"/> <!--  id = 86, val = "ó" -->
		<Character width="7"/> <!--  id = 87, val = "ô" -->
		<Character width="8"/> <!--  id = 88, val = "ö" -->
		<Character width="8"/> <!--  id = 89, val = "ù" -->
		<Character width="8"/> <!--  id = 8A, val = "ú" -->
		<Character width="8"/> <!--  id = 8B, val = "û" -->
		<Character width="8"/> <!--  id = 8C, val = "ü" -->
		<Character width="6"/> <!--  id = 8D, val = "¡" -->
		<Character width="9"/> <!--  id = 8E, val = "¿" -->
		<Character width="7"/> <!--  id = 8F, val = "ª" -->
		<Character width="11"/> <!-- id = 90, val = "HEART" -->
		<Character width="11"/> <!-- id = 91, val = "STAR" -->
		<Character width="11"/> <!-- id = 92, val = "UP" -->
		<Character width="11"/> <!-- id = 93, val = "DOWN" -->
		<Character width="12"/> <!-- id = 94, val = "LEFT" -->
		<Character width="12"/> <!-- id = 95, val = "RIGHT" -->
		<Character width="11"/> <!-- id = 96, val = "CIRCLE" -->
		<Character width="11"/> <!-- id = 97, val = "CROSS" -->
		<Character width="13"/> <!-- id = 98, val = "A" -->
		<Character width="13"/> <!-- id = 99, val = "B" -->
		<Character width="14"/> <!-- id = 9A, val = "L" -->
		<Character width="14"/> <!-- id = 9B, val = "R" -->
		<Character width="12"/> <!-- id = 9C, val = "Z" -->
		<Character width="13"/> <!-- id = 9D, val = "C-UP" -->
		<Character width="13"/> <!-- id = 9E, val = "C-DOWN" -->
		<Character width="13"/> <!-- id = 9F, val = "C-LEFT" -->
		<Character width="13"/> <!-- id = A0, val = "C-RIGHT" -->
		<Character width="16"/> <!-- id = A1, val = "START" -->
		<Character width="9"/> <!--  id = A2, val = "“" -->
		<Character width="9"/> <!--  id = A3, val = "”" -->
		<Character width="5"/> <!--  id = A4, val = "‘" -->
		<Character width="5"/> <!--  id = A5, val = "’" -->
	</CharSet>
	<CharSet name="credits-title">
		<Character width="8"/> <!--  id = 00, val = "A" -->
		<Character width="8"/> <!--  id = 01, val = "B" -->
		<Character width="8"/> <!--  id = 02, val = "C" -->
		<Character width="9"/> <!--  id = 03, val = "D" -->
		<Character width="8"/> <!--  id = 04, val = "E" -->
		<Character width="8"/> <!--  id = 05, val = "F" -->
		<Character width="8"/> <!--  id = 06, val = "G" -->
		<Character width="8"/> <!--  id = 07, val = "H" -->
		<Character width="5"/> <!--  id = 08, val = "I" -->
		<Character width="8"/> <!--  id = 09, val = "J" -->
		<Character width="9"/> <!--  id = 0A, val = "K" -->
		<Character width="8"/> <!--  id = 0B, val = "L" -->
		<Character width="10"/> <!-- id = 0C, val = "M" -->
		<Character width="8"/> <!--  id = 0D, val = "N" -->
		<Character width="8"/> <!--  id = 0E, val = "O" -->
		<Character width="9"/> <!--  id = 0F, val = "P" -->
		<Character width="8"/> <!--  id = 10, val = "Q" -->
		<Character width="9"/> <!--  id = 11, val = "R" -->
		<Character width="8"/> <!--  id = 12, val = "S" -->
		<Character width="8"/> <!--  id = 13, val = "T" -->
		<Character width="8"/> <!--  id = 14, val = "U" -->
		<Character width="8"/> <!--  id = 15, val = "V" -->
		<Character width="10"/> <!-- id = 16, val = "W" -->
		<Character width="9"/> <!--  id = 17, val = "X" -->
		<Character width="9"/> <!--  id = 18, val = "Y" -->
		<Character width="8"/> <!--  id = 19, val = "Z" -->
		<Character width="4"/> <!--  id = 1A, val = "'" -->
		<Character width="3"/> <!--  id = 1B, val = "." -->
		<Character width="4"/> <!--  id = 1C, val = "," -->
		<Character width="9"/> <!--  id = 1D, val = "0" -->
		<Character width="9"/> <!--  id = 1E, val = "1" -->
		<Character width="9"/> <!--  id = 1F, val = "2" -->
		<Character width="9"/> <!--  id = 20, val = "3" -->
		<Character width="9"/> <!--  id = 21, val = "4" -->
		<Character width="9"/> <!--  id = 22, val = "5" -->
		<Character width="9"/> <!--  id = 23, val = "6" -->
		<Character width="9"/> <!--  id = 24, val = "7" -->
		<Character width="9"/> <!--  id = 25, val = "8" -->
		<Character width="9"/> <!--  id = 26, val = "9" -->
		<Character width="10"/> <!-- id = 27, val = "©" -->
		<Character width="10"/> <!-- id = 28, val = "&" -->
	</CharSet>
	<CharSet name="credits-name">
		<Character width="9"/> <!--  id = 00, val = "A" -->
		<Character width="9"/> <!--  id = 01, val = "B" -->
		<Character width="8"/> <!--  id = 02, val = "C" -->
		<Character width="8"/> <!--  id = 03, val = "D" -->
		<Character width="7"/> <!--  id = 04, val = "E" -->
		<Character width="7"/> <!--  id = 05, val = "F" -->
		<Character width="8"/> <!--  id = 06, val = "G" -->
		<Character width="7"/> <!--  id = 07, val = "H" -->
		<Character width="3"/> <!--  id = 08, val = "I" -->
		<Character width="7"/> <!--  id = 09, val = "J" -->
		<Character width="7"/> <!--  id = 0A, val = "K" -->
		<Character width="7"/> <!--  id = 0B, val = "L" -->
		<Character width="8"/> <!--  id = 0C, val = "M" -->
		<Character width="7"/> <!--  id = 0D, val = "N" -->
		<Character width="8"/> <!--  id = 0E, val = "O" -->
		<Character width="8"/> <!--  id = 0F, val = "P" -->
		<Character width="8"/> <!--  id = 10, val = "Q" -->
		<Character width="7"/> <!--  id = 11, val = "R" -->
		<Character width="7"/> <!--  id = 12, val = "S" -->
		<Character width="8"/> <!--  id = 13, val = "T" -->
		<Character width="7"/> <!--  id = 14, val = "U" -->
		<Character width="7"/> <!--  id = 15, val = "V" -->
		<Character width="8"/> <!--  id = 16, val = "W" -->
		<Character width="8"/> <!--  id = 17, val = "X" -->
		<Character width="8"/> <!--  id = 18, val = "Y" -->
		<Character width="7"/> <!--  id = 19, val = "Z" -->
		<Character width="4"/> <!--  id = 1A, val = "'" -->
		<Character width="3"/> <!--  id = 1B, val = "." -->
		<Character width="4"/> <!--  id = 1C, val = "," -->
		<Character width="8"/> <!--  id = 1D, val = "0" -->
		<Character width="8"/> <!--  id = 1E, val = "1" -->
		<Character width="8"/> <!--  id = 1F, val = "2" -->
		<Character width="8"/> <!--  id = 20, val = "3" -->
		<Character width="8"/> <!--  id = 21, val = "4" -->
		<Character width="8"/> <!--  id = 22, val = "5" -->
		<Character width="8"/> <!--  id = 23, val = "6" -->
		<Character width="8"/> <!--  id = 24, val = "7" -->
		<Character width="8"/> <!--  id = 25, val = "8" -->
		<Character width="8"/> <!--  id = 26, val = "9" -->
		<Character width="8"/> <!--  id = 27, val = "©" -->
		<Character width="8"/> <!--  id = 28, val = "&" -->
	</CharSet>
</Fonts>
