<?xml version="1.0" encoding="UTF-8"?>
<Items>
	<Item index="000" nameMsg="00-000" desc1Msg="00-000" desc2Msg="00-000" typeFlags="1000" targetFlags="0008" name="Nothing" hudElement="Present" itemEntity="Placeholder" sellValue="0"/>
	<Item index="001" nameMsg="26-0A0" desc1Msg="00-000" desc2Msg="00-000" typeFlags="1020" targetFlags="0008" name="Jump" hudElement="GearBoots1" itemEntity="GearBoots1"/>
	<Item index="002" nameMsg="26-0A1" desc1Msg="00-000" desc2Msg="00-000" typeFlags="1020" targetFlags="0002" name="SpinJump" hudElement="GearBoots2" itemEntity="GearBoots2"/>
	<Item index="003" nameMsg="26-0A2" desc1Msg="00-000" desc2Msg="00-000" typeFlags="1020" targetFlags="0001" name="TornadoJump" hudElement="GearBoots3" itemEntity="GearBoots3"/>
	<Item index="004" nameMsg="26-0A3" desc1Msg="00-000" desc2Msg="00-000" typeFlags="1020" targetFlags="0008" name="Hammer" hudElement="GearHammer1" itemEntity="GearHammer1"/>
	<Item index="005" nameMsg="26-0A4" desc1Msg="00-000" desc2Msg="00-000" typeFlags="1020" targetFlags="0001" name="SuperHammer" hudElement="GearHammer2" itemEntity="GearHammer2"/>
	<Item index="006" nameMsg="26-0A5" desc1Msg="00-000" desc2Msg="00-000" typeFlags="1020" targetFlags="0002" name="UltraHammer" hudElement="GearHammer3" itemEntity="GearHammer3"/>
	<Item index="007" nameMsg="26-0A6" desc1Msg="23-0A6" desc2Msg="25-0A6" typeFlags="1008" targetFlags="0002" name="LuckyStar"/>
	<Item index="008" nameMsg="00-000" desc1Msg="00-000" desc2Msg="00-000" typeFlags="1020" targetFlags="0002" name="Map" hudElement="Present" itemEntity="Placeholder"/>
	<Item index="009" nameMsg="00-000" desc1Msg="00-000" desc2Msg="00-000" typeFlags="1020" targetFlags="0002" name="BigMap" hudElement="Present" itemEntity="Placeholder"/>
	<Item index="00A" nameMsg="26-0E2" desc1Msg="23-0E2" desc2Msg="25-0E2" typeFlags="1008" targetFlags="0002" name="FirstDegreeCard" hudElement="DojoCard1" itemEntity="DojoCard1"/>
	<Item index="00B" nameMsg="26-0E3" desc1Msg="23-0E3" desc2Msg="25-0E3" typeFlags="1008" targetFlags="0002" name="SecondDegreeCard" hudElement="DojoCard2" itemEntity="DojoCard2"/>
	<Item index="00C" nameMsg="26-0E4" desc1Msg="23-0E4" desc2Msg="25-0E4" typeFlags="1008" targetFlags="0002" name="ThirdDegreeCard" hudElement="DojoCard3" itemEntity="DojoCard3"/>
	<Item index="00D" nameMsg="26-0E5" desc1Msg="23-0E5" desc2Msg="25-0E5" typeFlags="1008" targetFlags="0002" name="FourthDegreeCard" hudElement="DojoCard4" itemEntity="DojoCard4"/>
	<Item index="00E" nameMsg="26-0E6" desc1Msg="23-0E6" desc2Msg="25-0E6" typeFlags="1008" targetFlags="0002" name="Diploma" hudElement="DojoCard5" itemEntity="DojoCard5"/>
	<Item index="00F" nameMsg="26-0E7" desc1Msg="23-0E7" desc2Msg="25-0E7" typeFlags="1008" targetFlags="0002" name="UltraStone"/>
	<Item index="010" nameMsg="26-0A7" desc1Msg="23-0A7" desc2Msg="25-0A7" typeFlags="1009" targetFlags="0008" name="KoopaFortressKey"/>
	<Item index="011" nameMsg="26-0A8" desc1Msg="23-0A8" desc2Msg="25-0A8" typeFlags="1009" targetFlags="0008" name="RuinsKey"/>
	<Item index="012" nameMsg="26-0B0" desc1Msg="23-0B0" desc2Msg="25-0B0" typeFlags="1009" targetFlags="0008" name="PulseStone"/>
	<Item index="013" nameMsg="26-0A9" desc1Msg="23-0A9" desc2Msg="25-0A9" typeFlags="1009" targetFlags="0008" name="TubbaCastleKey"/>
	<Item index="014" nameMsg="26-0AA" desc1Msg="23-0AA" desc2Msg="25-0AA" typeFlags="1009" targetFlags="0008" name="CrystalPalaceKey"/>
	<Item index="015" nameMsg="26-0B3" desc1Msg="23-0B3" desc2Msg="25-0B3" typeFlags="1009" targetFlags="0008" name="LunarStone"/>
	<Item index="016" nameMsg="26-0B4" desc1Msg="23-0B4" desc2Msg="25-0B4" typeFlags="1009" targetFlags="0008" name="PyramidStone"/>
	<Item index="017" nameMsg="26-0B5" desc1Msg="23-0B5" desc2Msg="25-0B5" typeFlags="1009" targetFlags="0008" name="DiamondStone"/>
	<Item index="018" nameMsg="26-0B2" desc1Msg="23-0B2" desc2Msg="25-0B2" typeFlags="1009" targetFlags="0008" name="VolcanoVase"/>
	<Item index="019" nameMsg="26-0AF" desc1Msg="23-0AF" desc2Msg="25-0AF" typeFlags="1009" targetFlags="0008" name="KooperShell"/>
	<Item index="01A" nameMsg="26-0AB" desc1Msg="23-0AB" desc2Msg="25-0AB" typeFlags="1009" targetFlags="0008" name="BowserCastleKey"/>
	<Item index="01B" nameMsg="00-000" desc1Msg="00-000" desc2Msg="00-000" typeFlags="1009" targetFlags="0008" name="ForestPass"/>
	<Item index="01C" nameMsg="26-0B7" desc1Msg="23-0B7" desc2Msg="25-0B7" typeFlags="1009" targetFlags="0008" name="BooWeight"/>
	<Item index="01D" nameMsg="26-0B8" desc1Msg="23-0B8" desc2Msg="25-0B8" typeFlags="1009" targetFlags="0008" name="BooPortrait"/>
	<Item index="01E" nameMsg="26-0C4" desc1Msg="23-0C4" desc2Msg="25-0C4" typeFlags="1009" targetFlags="0008" name="CrystalBerry"/>
	<Item index="01F" nameMsg="26-0B9" desc1Msg="23-0B9" desc2Msg="25-0B9" typeFlags="1009" targetFlags="0008" name="MysticalKey"/>
	<Item index="020" nameMsg="26-0BA" desc1Msg="23-0BA" desc2Msg="25-0BA" typeFlags="1009" targetFlags="0008" name="StoreroomKey" hudElement="IronKey" itemEntity="IronKey"/>
	<Item index="021" nameMsg="26-0BB" desc1Msg="23-0BB" desc2Msg="25-0BB" typeFlags="1009" targetFlags="0008" name="ToyTrain"/>
	<Item index="022" nameMsg="26-0B6" desc1Msg="23-0B6" desc2Msg="25-0B6" typeFlags="1009" targetFlags="0008" name="BooRecord"/>
	<Item index="023" nameMsg="26-0BC" desc1Msg="23-0BC" desc2Msg="25-0BC" typeFlags="1009" targetFlags="0008" name="FryingPan"/>
	<Item index="024" nameMsg="26-0BD" desc1Msg="23-0BD" desc2Msg="25-0BD" typeFlags="1009" targetFlags="0008" name="Dictionary"/>
	<Item index="025" nameMsg="26-0BE" desc1Msg="23-0BE" desc2Msg="25-0BE" typeFlags="1009" targetFlags="0008" name="MysteryNote"/>
	<Item index="026" nameMsg="00-000" desc1Msg="00-000" desc2Msg="00-000" typeFlags="1009" targetFlags="0008" name="SuspiciousNote"/>
	<Item index="027" nameMsg="26-0C9" desc1Msg="23-0C9" desc2Msg="25-0C9" typeFlags="1009" targetFlags="0008" name="CrystalBall"/>
	<Item index="028" nameMsg="00-000" desc1Msg="00-000" desc2Msg="00-000" typeFlags="1009" targetFlags="0008" name="Screwdriver"/>
	<Item index="029" nameMsg="26-0CB" desc1Msg="23-0CB" desc2Msg="25-0CB" typeFlags="1009" targetFlags="0008" name="Cookbook"/>
	<Item index="02A" nameMsg="26-0CC" desc1Msg="23-0CC" desc2Msg="25-0CC" typeFlags="1009" targetFlags="0008" name="JadeRaven"/>
	<Item index="02B" nameMsg="26-0C0" desc1Msg="23-0C0" desc2Msg="25-0C0" typeFlags="1009" targetFlags="0008" name="MagicalSeed1"/>
	<Item index="02C" nameMsg="26-0C1" desc1Msg="23-0C1" desc2Msg="25-0C1" typeFlags="1009" targetFlags="0008" name="MagicalSeed2"/>
	<Item index="02D" nameMsg="26-0C2" desc1Msg="23-0C2" desc2Msg="25-0C2" typeFlags="1009" targetFlags="0008" name="MagicalSeed3"/>
	<Item index="02E" nameMsg="26-0C3" desc1Msg="23-0C3" desc2Msg="25-0C3" typeFlags="1009" targetFlags="0008" name="MagicalSeed4"/>
	<Item index="02F" nameMsg="00-000" desc1Msg="00-000" desc2Msg="00-000" typeFlags="1009" targetFlags="0008" name="ToadDoll"/>
	<Item index="030" nameMsg="26-0CA" desc1Msg="23-0CA" desc2Msg="25-0CA" typeFlags="1009" targetFlags="0008" name="Calculator"/>
	<Item index="031" nameMsg="26-0CF" desc1Msg="23-0CF" desc2Msg="25-0CF" typeFlags="1009" targetFlags="0008" name="SnowmanBucket"/>
	<Item index="032" nameMsg="26-0D0" desc1Msg="23-0D0" desc2Msg="25-0D0" typeFlags="1009" targetFlags="0008" name="SnowmanScarf"/>
	<Item index="033" nameMsg="26-0D2" desc1Msg="23-0D2" desc2Msg="25-0D2" typeFlags="1009" targetFlags="0008" name="RedKey"/>
	<Item index="034" nameMsg="26-0D3" desc1Msg="23-0D3" desc2Msg="25-0D3" typeFlags="1009" targetFlags="0008" name="BlueKey"/>
	<Item index="035" nameMsg="00-000" desc1Msg="00-000" desc2Msg="00-000" typeFlags="1009" targetFlags="0008" name="UnusedLetter01" hudElement="Letter" itemEntity="Letter"/>
	<Item index="036" nameMsg="26-0EB" desc1Msg="23-0EB" desc2Msg="25-0EB" typeFlags="1009" targetFlags="0008" name="Letter01" hudElement="Letter" itemEntity="Letter"/>
	<Item index="037" nameMsg="26-0EC" desc1Msg="23-0EC" desc2Msg="25-0EC" typeFlags="1009" targetFlags="0008" name="Letter02" hudElement="Letter" itemEntity="Letter"/>
	<Item index="038" nameMsg="26-0ED" desc1Msg="23-0ED" desc2Msg="25-0ED" typeFlags="1009" targetFlags="0008" name="Letter03" hudElement="Letter" itemEntity="Letter"/>
	<Item index="039" nameMsg="26-0EE" desc1Msg="23-0EE" desc2Msg="25-0EE" typeFlags="1009" targetFlags="0008" name="Letter04" hudElement="Letter" itemEntity="Letter"/>
	<Item index="03A" nameMsg="26-0EF" desc1Msg="23-0EF" desc2Msg="25-0EF" typeFlags="1009" targetFlags="0008" name="Letter05" hudElement="Letter" itemEntity="Letter"/>
	<Item index="03B" nameMsg="26-0F0" desc1Msg="23-0F0" desc2Msg="25-0F0" typeFlags="1009" targetFlags="0008" name="Letter06" hudElement="Letter" itemEntity="Letter"/>
	<Item index="03C" nameMsg="26-0F1" desc1Msg="23-0F1" desc2Msg="25-0F1" typeFlags="1009" targetFlags="0008" name="Letter07" hudElement="Letter" itemEntity="Letter"/>
	<Item index="03D" nameMsg="26-0F2" desc1Msg="23-0F2" desc2Msg="25-0F2" typeFlags="1009" targetFlags="0008" name="Letter08" hudElement="Letter" itemEntity="Letter"/>
	<Item index="03E" nameMsg="26-0F3" desc1Msg="23-0F3" desc2Msg="25-0F3" typeFlags="1009" targetFlags="0008" name="Letter09" hudElement="Letter" itemEntity="Letter"/>
	<Item index="03F" nameMsg="00-000" desc1Msg="00-000" desc2Msg="00-000" typeFlags="1009" targetFlags="0008" name="UnusedLetter02" hudElement="Letter" itemEntity="Letter"/>
	<Item index="040" nameMsg="26-0F4" desc1Msg="23-0F4" desc2Msg="25-0F4" typeFlags="1009" targetFlags="0008" name="Letter10" hudElement="Letter" itemEntity="Letter"/>
	<Item index="041" nameMsg="26-0F5" desc1Msg="23-0F5" desc2Msg="25-0F5" typeFlags="1009" targetFlags="0008" name="Letter11" hudElement="Letter" itemEntity="Letter"/>
	<Item index="042" nameMsg="00-000" desc1Msg="00-000" desc2Msg="00-000" typeFlags="1009" targetFlags="0008" name="UnusedLetter03" hudElement="Letter" itemEntity="Letter"/>
	<Item index="043" nameMsg="00-000" desc1Msg="00-000" desc2Msg="00-000" typeFlags="1009" targetFlags="0008" name="UnusedLetter04" hudElement="Letter" itemEntity="Letter"/>
	<Item index="044" nameMsg="00-000" desc1Msg="00-000" desc2Msg="00-000" typeFlags="1009" targetFlags="0008" name="UnusedLetter05" hudElement="Letter" itemEntity="Letter"/>
	<Item index="045" nameMsg="26-0F6" desc1Msg="23-0F6" desc2Msg="25-0F6" typeFlags="1009" targetFlags="0008" name="Letter12" hudElement="Letter" itemEntity="Letter"/>
	<Item index="046" nameMsg="26-0F7" desc1Msg="23-0F7" desc2Msg="25-0F7" typeFlags="1009" targetFlags="0008" name="Letter13" hudElement="Letter" itemEntity="Letter"/>
	<Item index="047" nameMsg="26-0F8" desc1Msg="23-0F8" desc2Msg="25-0F8" typeFlags="1009" targetFlags="0008" name="Letter14" hudElement="Letter" itemEntity="Letter"/>
	<Item index="048" nameMsg="26-0F9" desc1Msg="23-0F9" desc2Msg="25-0F9" typeFlags="1009" targetFlags="0008" name="Letter15" hudElement="Letter" itemEntity="Letter"/>
	<Item index="049" nameMsg="26-0FA" desc1Msg="23-0FA" desc2Msg="25-0FA" typeFlags="1009" targetFlags="0008" name="Letter16" hudElement="Letter" itemEntity="Letter"/>
	<Item index="04A" nameMsg="26-0FB" desc1Msg="23-0FB" desc2Msg="25-0FB" typeFlags="1009" targetFlags="0008" name="Letter17" hudElement="Letter" itemEntity="Letter"/>
	<Item index="04B" nameMsg="26-0FC" desc1Msg="23-0FC" desc2Msg="25-0FC" typeFlags="1009" targetFlags="0008" name="Letter18" hudElement="Letter" itemEntity="Letter"/>
	<Item index="04C" nameMsg="26-0FD" desc1Msg="23-0FD" desc2Msg="25-0FD" typeFlags="1009" targetFlags="0008" name="Letter19" hudElement="Letter" itemEntity="Letter"/>
	<Item index="04D" nameMsg="00-000" desc1Msg="00-000" desc2Msg="00-000" typeFlags="1009" targetFlags="0008" name="UnusedLetter06" hudElement="Letter" itemEntity="Letter"/>
	<Item index="04E" nameMsg="26-0FE" desc1Msg="23-0FE" desc2Msg="25-0FE" typeFlags="1009" targetFlags="0008" name="Letter20" hudElement="Letter" itemEntity="Letter"/>
	<Item index="04F" nameMsg="26-0FF" desc1Msg="23-0FF" desc2Msg="25-0FF" typeFlags="1009" targetFlags="0008" name="Letter21" hudElement="Letter" itemEntity="Letter"/>
	<Item index="050" nameMsg="26-100" desc1Msg="23-100" desc2Msg="25-100" typeFlags="1009" targetFlags="0008" name="Letter22" hudElement="Letter" itemEntity="Letter"/>
	<Item index="051" nameMsg="26-101" desc1Msg="23-101" desc2Msg="25-101" typeFlags="1009" targetFlags="0008" name="Letter23" hudElement="Letter" itemEntity="Letter"/>
	<Item index="052" nameMsg="26-102" desc1Msg="23-102" desc2Msg="25-102" typeFlags="1009" targetFlags="0008" name="Letter24" hudElement="Letter" itemEntity="Letter"/>
	<Item index="053" nameMsg="26-0B1" desc1Msg="23-0B1" desc2Msg="25-0B1" typeFlags="1009" targetFlags="0008" name="Artifact"/>
	<Item index="054" nameMsg="26-0EA" desc1Msg="23-0EA" desc2Msg="25-0EA" typeFlags="1009" targetFlags="0008" name="Letter25" hudElement="Letter" itemEntity="Letter"/>
	<Item index="055" nameMsg="00-000" desc1Msg="00-000" desc2Msg="00-000" typeFlags="1009" targetFlags="0008" name="UnusedLetter07" hudElement="Letter" itemEntity="Letter"/>
	<Item index="056" nameMsg="26-0AE" desc1Msg="23-0AE" desc2Msg="25-0AE" typeFlags="1009" targetFlags="0008" name="Dolly"/>
	<Item index="057" nameMsg="26-0C5" desc1Msg="23-0C5" desc2Msg="25-0C5" typeFlags="1009" targetFlags="0008" name="WaterStone"/>
	<Item index="058" nameMsg="26-0C6" desc1Msg="23-0C6" desc2Msg="25-0C6" typeFlags="1009" targetFlags="0008" name="MagicalBean"/>
	<Item index="059" nameMsg="26-0C7" desc1Msg="23-0C7" desc2Msg="25-0C7" typeFlags="1009" targetFlags="0008" name="FertileSoil"/>
	<Item index="05A" nameMsg="26-0C8" desc1Msg="23-0C8" desc2Msg="25-0C8" typeFlags="1009" targetFlags="0008" name="MiracleWater"/>
	<Item index="05B" nameMsg="26-0CD" desc1Msg="23-0CD" desc2Msg="25-0CD" typeFlags="1009" targetFlags="0008" name="VolcanoVase"/>
	<Item index="05C" nameMsg="26-104" desc1Msg="23-104" desc2Msg="25-104" typeFlags="1009" targetFlags="0008" name="KootTheTape"/>
	<Item index="05D" nameMsg="26-0D8" desc1Msg="23-0D8" desc2Msg="25-0D8" typeFlags="1009" targetFlags="0008" name="BakingSugar"/>
	<Item index="05E" nameMsg="26-0D9" desc1Msg="23-0D9" desc2Msg="25-0D9" typeFlags="1009" targetFlags="0008" name="BakingSalt"/>
	<Item index="05F" nameMsg="26-0DA" desc1Msg="23-0DA" desc2Msg="25-0DA" typeFlags="1009" targetFlags="0008" name="BakingEgg"/>
	<Item index="060" nameMsg="26-0DB" desc1Msg="23-0DB" desc2Msg="25-0DB" typeFlags="1009" targetFlags="0008" name="BakingCream"/>
	<Item index="061" nameMsg="26-0DC" desc1Msg="23-0DC" desc2Msg="25-0DC" typeFlags="1009" targetFlags="0008" name="BakingStrawberry"/>
	<Item index="062" nameMsg="26-0DD" desc1Msg="23-0DD" desc2Msg="25-0DD" typeFlags="1009" targetFlags="0008" name="BakingButter"/>
	<Item index="063" nameMsg="26-0DE" desc1Msg="23-0DE" desc2Msg="25-0DE" typeFlags="1009" targetFlags="0008" name="BakingCleanser"/>
	<Item index="064" nameMsg="26-0DF" desc1Msg="23-0DF" desc2Msg="25-0DF" typeFlags="1009" targetFlags="0008" name="BakingWater"/>
	<Item index="065" nameMsg="26-0E0" desc1Msg="23-0E0" desc2Msg="25-0E0" typeFlags="1009" targetFlags="0008" name="BakingFlour"/>
	<Item index="066" nameMsg="26-0E1" desc1Msg="23-0E1" desc2Msg="25-0E1" typeFlags="1009" targetFlags="0008" name="BakingMilk"/>
	<Item index="067" nameMsg="26-0D6" desc1Msg="23-0D6" desc2Msg="25-0D6" typeFlags="1009" targetFlags="0008" name="Lyrics"/>
	<Item index="068" nameMsg="26-0D7" desc1Msg="23-0D7" desc2Msg="25-0D7" typeFlags="1009" targetFlags="0008" name="Melody"/>
	<Item index="069" nameMsg="26-0BF" desc1Msg="23-0BF" desc2Msg="25-0BF" typeFlags="1009" targetFlags="0008" name="Mailbag"/>
	<Item index="06A" nameMsg="26-0AC" desc1Msg="23-0AC" desc2Msg="25-0AC" typeFlags="1009" targetFlags="0008" name="PeachKey1" hudElement="PeachKey" itemEntity="PeachKey"/>
	<Item index="06B" nameMsg="26-0AD" desc1Msg="23-0AD" desc2Msg="25-0AD" typeFlags="1009" targetFlags="0008" name="OddKey" hudElement="IronKey" itemEntity="IronKey"/>
	<Item index="06C" nameMsg="26-0D1" desc1Msg="23-0D1" desc2Msg="25-0D1" typeFlags="1009" targetFlags="0008" name="StarStone"/>
	<Item index="06D" nameMsg="26-0D4" desc1Msg="23-0D4" desc2Msg="25-0D4" typeFlags="1009" targetFlags="0008" name="SneakyParasol"/>
	<Item index="06E" nameMsg="26-103" desc1Msg="23-103" desc2Msg="25-103" typeFlags="1009" targetFlags="0008" name="KootKoopaLegends"/>
	<Item index="06F" nameMsg="26-105" desc1Msg="23-105" desc2Msg="25-105" typeFlags="1009" targetFlags="0008" name="KootLuigiAutograph" hudElement="KootMerluvleeAutograph" itemEntity="KootMerluvleeAutograph"/>
	<Item index="070" nameMsg="26-106" desc1Msg="23-106" desc2Msg="25-106" typeFlags="1009" targetFlags="0008" name="KootEmptyWallet"/>
	<Item index="071" nameMsg="26-107" desc1Msg="23-107" desc2Msg="25-107" typeFlags="1009" targetFlags="0008" name="KootMerluvleeAutograph" hudElement="KootLuigiAutograph" itemEntity="KootLuigiAutograph"/>
	<Item index="072" nameMsg="00-000" desc1Msg="00-000" desc2Msg="00-000" typeFlags="1009" targetFlags="0008" name="KootShell"/>
	<Item index="073" nameMsg="26-108" desc1Msg="23-108" desc2Msg="25-108" typeFlags="1009" targetFlags="0008" name="KootOldPhoto"/>
	<Item index="074" nameMsg="26-109" desc1Msg="23-109" desc2Msg="25-109" typeFlags="1009" targetFlags="0008" name="KootGlasses"/>
	<Item index="075" nameMsg="00-000" desc1Msg="00-000" desc2Msg="00-000" typeFlags="1009" targetFlags="0008" name="KootAltPhoto" hudElement="KootOldPhoto" itemEntity="KootOldPhoto"/>
	<Item index="076" nameMsg="26-10A" desc1Msg="23-10A" desc2Msg="25-10A" typeFlags="1009" targetFlags="0008" name="KootPackage"/>
	<Item index="077" nameMsg="26-10B" desc1Msg="23-10B" desc2Msg="25-10B" typeFlags="1009" targetFlags="0008" name="KootRedJar"/>
	<Item index="078" nameMsg="26-0AC" desc1Msg="23-0AC" desc2Msg="25-0AC" typeFlags="1009" targetFlags="0008" name="PeachKey2" hudElement="PeachKey" itemEntity="PeachKey"/>
	<Item index="079" nameMsg="26-0CE" desc1Msg="23-0CE" desc2Msg="25-0CE" typeFlags="1009" targetFlags="0008" name="WarehouseKey" hudElement="IronKey" itemEntity="IronKey"/>
	<Item index="07A" nameMsg="26-0D5" desc1Msg="23-0D5" desc2Msg="25-0D5" typeFlags="1009" targetFlags="0008" name="PrisonKey1" hudElement="IronKey" itemEntity="IronKey"/>
	<Item index="07B" nameMsg="26-0E8" desc1Msg="23-0E8" desc2Msg="25-0E8" typeFlags="1009" targetFlags="0008" name="SilverCredit"/>
	<Item index="07C" nameMsg="26-0E9" desc1Msg="23-0E9" desc2Msg="25-0E9" typeFlags="1009" targetFlags="0008" name="GoldCredit"/>
	<Item index="07D" nameMsg="26-0D5" desc1Msg="23-0D5" desc2Msg="25-0D5" typeFlags="1009" targetFlags="0008" name="PrisonKey2" hudElement="PeachKey" itemEntity="Placeholder"/>
	<Item index="07E" nameMsg="26-0D5" desc1Msg="23-0D5" desc2Msg="25-0D5" typeFlags="1009" targetFlags="0008" name="PrisonKey3" hudElement="PeachKey" itemEntity="Placeholder"/>
	<Item index="07F" nameMsg="26-0D5" desc1Msg="23-0D5" desc2Msg="25-0D5" typeFlags="1009" targetFlags="0008" name="PrisonKey4" hudElement="PeachKey" itemEntity="Placeholder"/>
	<Item index="080" nameMsg="26-000" desc1Msg="23-000" desc2Msg="25-000" typeFlags="1006" targetFlags="8002" name="FireFlower" sellValue="4" powA="3"/>
	<Item index="081" nameMsg="26-001" desc1Msg="23-001" desc2Msg="25-001" typeFlags="1006" targetFlags="8002" name="SnowmanDoll" sellValue="6" powA="4"/>
	<Item index="082" nameMsg="26-002" desc1Msg="23-002" desc2Msg="25-002" typeFlags="1006" targetFlags="8002" name="ThunderRage" sellValue="8" powA="5"/>
	<Item index="083" nameMsg="26-004" desc1Msg="23-004" desc2Msg="25-004" typeFlags="1006" targetFlags="8002" name="ShootingStar" sellValue="15" powA="6"/>
	<Item index="084" nameMsg="26-003" desc1Msg="23-003" desc2Msg="25-003" typeFlags="1006" targetFlags="8003" name="ThunderBolt" sellValue="4" powA="5"/>
	<Item index="085" nameMsg="26-006" desc1Msg="23-006" desc2Msg="25-006" typeFlags="1006" targetFlags="8003" name="Pebble" sellValue="1" powA="1"/>
	<Item index="086" nameMsg="26-005" desc1Msg="23-005" desc2Msg="25-005" typeFlags="1006" targetFlags="8003" name="DustyHammer" sellValue="1" powA="1"/>
	<Item index="087" nameMsg="00-000" desc1Msg="00-000" desc2Msg="00-000" typeFlags="1006" targetFlags="8003" name="InsecticideHerb" sellValue="1"/>
	<Item index="088" nameMsg="26-007" desc1Msg="23-007" desc2Msg="25-007" typeFlags="1006" targetFlags="0008" name="StoneCap" sellValue="15" powA="3"/>
	<Item index="089" nameMsg="26-00E" desc1Msg="23-00E" desc2Msg="25-00E" typeFlags="1187" targetFlags="0009" name="TastyTonic" sellValue="1"/>
	<Item index="08A" nameMsg="26-009" desc1Msg="23-009" desc2Msg="25-009" typeFlags="1087" targetFlags="0009" name="Mushroom" sellValue="2" powA="5"/>
	<Item index="08B" nameMsg="26-008" desc1Msg="23-008" desc2Msg="25-008" typeFlags="1086" targetFlags="0008" name="VoltShroom" sellValue="7" powA="4"/>
	<Item index="08C" nameMsg="26-00A" desc1Msg="23-00A" desc2Msg="25-00A" typeFlags="1087" targetFlags="0009" name="SuperShroom" sellValue="7" powA="10"/>
	<Item index="08D" nameMsg="26-00D" desc1Msg="23-00D" desc2Msg="25-00D" typeFlags="1087" targetFlags="0009" name="DriedShroom" sellValue="1" powA="1"/>
	<Item index="08E" nameMsg="26-00B" desc1Msg="23-00B" desc2Msg="25-00B" typeFlags="1087" targetFlags="0009" name="UltraShroom" sellValue="50" powA="50"/>
	<Item index="08F" nameMsg="26-026" desc1Msg="23-026" desc2Msg="25-026" typeFlags="1006" targetFlags="8002" name="SleepySheep" sellValue="4" powA="3"/>
	<Item index="090" nameMsg="26-027" desc1Msg="23-027" desc2Msg="25-027" typeFlags="1006" targetFlags="8002" name="POWBlock" sellValue="3" powA="2"/>
	<Item index="091" nameMsg="00-000" desc1Msg="00-000" desc2Msg="00-000" typeFlags="1186" targetFlags="0008" name="HustleDrink" sellValue="10" powA="2"/>
	<Item index="092" nameMsg="26-028" desc1Msg="23-028" desc2Msg="25-028" typeFlags="1006" targetFlags="8002" name="StopWatch" sellValue="10" powA="4"/>
	<Item index="093" nameMsg="26-019" desc1Msg="23-019" desc2Msg="25-019" typeFlags="1087" targetFlags="0009" name="WhackasBump" sellValue="30" powA="25" powB="25"/>
	<Item index="094" nameMsg="26-01A" desc1Msg="23-01A" desc2Msg="25-01A" typeFlags="1087" targetFlags="0009" name="Apple" sellValue="2" powA="5"/>
	<Item index="095" nameMsg="26-00C" desc1Msg="23-00C" desc2Msg="25-00C" typeFlags="1087" targetFlags="0009" name="LifeShroom" sellValue="20" powA="10"/>
	<Item index="096" nameMsg="26-02B" desc1Msg="23-02B" desc2Msg="25-02B" typeFlags="1006" targetFlags="0008" name="Mystery" sellValue="1"/>
	<Item index="097" nameMsg="26-02C" desc1Msg="23-02C" desc2Msg="25-02C" typeFlags="1006" targetFlags="0008" name="RepelGel" sellValue="15" powA="2"/>
	<Item index="098" nameMsg="26-02A" desc1Msg="23-02A" desc2Msg="25-02A" typeFlags="1006" targetFlags="8002" name="FrightJar" sellValue="3"/>
	<Item index="099" nameMsg="00-000" desc1Msg="00-000" desc2Msg="00-000" typeFlags="1006" targetFlags="0008" name="PleaseComeBack" sellValue="5"/>
	<Item index="09A" nameMsg="26-029" desc1Msg="23-029" desc2Msg="25-029" typeFlags="1006" targetFlags="8002" name="DizzyDial" sellValue="6" powA="3"/>
	<Item index="09B" nameMsg="26-00F" desc1Msg="23-00F" desc2Msg="25-00F" typeFlags="1187" targetFlags="0009" name="SuperSoda" sellValue="3" powB="5"/>
	<Item index="09C" nameMsg="26-015" desc1Msg="23-015" desc2Msg="25-015" typeFlags="1087" targetFlags="0009" name="Lemon" sellValue="1" powA="1" powB="2"/>
	<Item index="09D" nameMsg="26-014" desc1Msg="23-014" desc2Msg="25-014" typeFlags="1087" targetFlags="0009" name="Lime" sellValue="1" powB="3"/>
	<Item index="09E" nameMsg="26-010" desc1Msg="23-010" desc2Msg="25-010" typeFlags="1087" targetFlags="0009" name="BlueBerry" sellValue="2" powB="5"/>
	<Item index="09F" nameMsg="26-011" desc1Msg="23-011" desc2Msg="25-011" typeFlags="1087" targetFlags="0009" name="RedBerry" sellValue="2" powA="5"/>
	<Item index="0A0" nameMsg="26-012" desc1Msg="23-012" desc2Msg="25-012" typeFlags="1087" targetFlags="0009" name="YellowBerry" sellValue="2" powA="3" powB="3"/>
	<Item index="0A1" nameMsg="26-013" desc1Msg="23-013" desc2Msg="25-013" typeFlags="1087" targetFlags="0009" name="BubbleBerry" sellValue="3" powA="5"/>
	<Item index="0A2" nameMsg="26-018" desc1Msg="23-018" desc2Msg="25-018" typeFlags="1087" targetFlags="0009" name="JamminJelly" sellValue="50" powB="50"/>
	<Item index="0A3" nameMsg="26-017" desc1Msg="23-017" desc2Msg="25-017" typeFlags="1187" targetFlags="0009" name="MapleSyrup" sellValue="10" powB="10"/>
	<Item index="0A4" nameMsg="26-016" desc1Msg="23-016" desc2Msg="25-016" typeFlags="1187" targetFlags="0009" name="HoneySyrup" sellValue="3" powB="5"/>
	<Item index="0A5" nameMsg="26-01B" desc1Msg="23-01B" desc2Msg="25-01B" typeFlags="1087" targetFlags="0009" name="Goomnut" sellValue="2" powB="3"/>
	<Item index="0A6" nameMsg="26-01C" desc1Msg="23-01C" desc2Msg="25-01C" typeFlags="1087" targetFlags="0009" name="KoopaLeaf" sellValue="1" powB="3"/>
	<Item index="0A7" nameMsg="26-01D" desc1Msg="23-01D" desc2Msg="25-01D" typeFlags="1087" targetFlags="0009" name="DriedPasta" sellValue="4" powA="3" powB="2"/>
	<Item index="0A8" nameMsg="26-01E" desc1Msg="23-01E" desc2Msg="25-01E" typeFlags="1087" targetFlags="0009" name="DriedFruit" sellValue="5" powA="15"/>
	<Item index="0A9" nameMsg="26-01F" desc1Msg="23-01F" desc2Msg="25-01F" typeFlags="1087" targetFlags="0009" name="StrangeLeaf" sellValue="2" powB="5"/>
	<Item index="0AA" nameMsg="26-020" desc1Msg="23-020" desc2Msg="25-020" typeFlags="1087" targetFlags="0009" name="CakeMix" sellValue="3" powB="1"/>
	<Item index="0AB" nameMsg="26-021" desc1Msg="23-021" desc2Msg="25-021" typeFlags="1087" targetFlags="0009" name="Egg" sellValue="2" powA="5"/>
	<Item index="0AC" nameMsg="26-022" desc1Msg="23-022" desc2Msg="25-022" typeFlags="1006" targetFlags="8003" name="Coconut" sellValue="1" powA="3"/>
	<Item index="0AD" nameMsg="26-023" desc1Msg="23-023" desc2Msg="25-023" typeFlags="1087" targetFlags="0009" name="Melon" sellValue="7" powA="15"/>
	<Item index="0AE" nameMsg="26-024" desc1Msg="23-024" desc2Msg="25-024" typeFlags="1087" targetFlags="0009" name="StinkyHerb" sellValue="1" powB="5"/>
	<Item index="0AF" nameMsg="26-025" desc1Msg="23-025" desc2Msg="25-025" typeFlags="1087" targetFlags="0009" name="IcedPotato" sellValue="3" powA="5"/>
	<Item index="0B0" nameMsg="26-02D" desc1Msg="23-02D" desc2Msg="25-02D" typeFlags="1187" targetFlags="0009" name="SpicySoup" sellValue="10" powA="4" powB="4"/>
	<Item index="0B1" nameMsg="26-02E" desc1Msg="23-02E" desc2Msg="25-02E" typeFlags="1087" targetFlags="0009" name="ApplePie" sellValue="10" powA="5" powB="15"/>
	<Item index="0B2" nameMsg="26-035" desc1Msg="23-035" desc2Msg="25-035" typeFlags="1087" targetFlags="0009" name="HoneyUltra" sellValue="75" powA="50" powB="5"/>
	<Item index="0B3" nameMsg="26-036" desc1Msg="23-036" desc2Msg="25-036" typeFlags="1087" targetFlags="0009" name="MapleUltra" sellValue="100" powA="50" powB="10"/>
	<Item index="0B4" nameMsg="26-037" desc1Msg="23-037" desc2Msg="25-037" typeFlags="1087" targetFlags="0009" name="JellyUltra" sellValue="150" powA="50" powB="50"/>
	<Item index="0B5" nameMsg="26-038" desc1Msg="23-038" desc2Msg="25-038" typeFlags="1087" targetFlags="0009" name="Koopasta" sellValue="10" powA="7" powB="7"/>
	<Item index="0B6" nameMsg="26-039" desc1Msg="23-039" desc2Msg="25-039" typeFlags="1087" targetFlags="0009" name="FriedShroom" sellValue="5" powA="6" powB="2"/>
	<Item index="0B7" nameMsg="26-03C" desc1Msg="23-03C" desc2Msg="25-03C" typeFlags="1087" targetFlags="0009" name="ShroomCake" sellValue="20" powA="10" powB="10"/>
	<Item index="0B8" nameMsg="26-03B" desc1Msg="23-03B" desc2Msg="25-03B" typeFlags="1087" targetFlags="0009" name="ShroomSteak" sellValue="45" powA="30" powB="10"/>
	<Item index="0B9" nameMsg="26-03A" desc1Msg="23-03A" desc2Msg="25-03A" typeFlags="1087" targetFlags="0009" name="HotShroom" sellValue="15" powA="15" powB="5"/>
	<Item index="0BA" nameMsg="26-03D" desc1Msg="23-03D" desc2Msg="25-03D" typeFlags="1087" targetFlags="0009" name="SweetShroom" sellValue="50" powA="30" powB="20"/>
	<Item index="0BB" nameMsg="26-03F" desc1Msg="23-03F" desc2Msg="25-03F" typeFlags="1087" targetFlags="0009" name="YummyMeal" sellValue="15" powA="20" powB="20"/>
	<Item index="0BC" nameMsg="26-042" desc1Msg="23-042" desc2Msg="25-042" typeFlags="1187" targetFlags="0009" name="HealthyJuice" sellValue="25" powB="40"/>
	<Item index="0BD" nameMsg="26-03E" desc1Msg="23-03E" desc2Msg="25-03E" typeFlags="1087" targetFlags="0009" name="BlandMeal" sellValue="10" powA="10" powB="10"/>
	<Item index="0BE" nameMsg="26-040" desc1Msg="23-040" desc2Msg="25-040" typeFlags="1087" targetFlags="0009" name="DeluxeFeast" sellValue="60" powA="40" powB="40"/>
	<Item index="0BF" nameMsg="26-041" desc1Msg="23-041" desc2Msg="25-041" typeFlags="1187" targetFlags="0009" name="SpecialShake" sellValue="10" powB="20"/>
	<Item index="0C0" nameMsg="26-043" desc1Msg="23-043" desc2Msg="25-043" typeFlags="1087" targetFlags="0009" name="BigCookie" sellValue="10" powB="20"/>
	<Item index="0C1" nameMsg="26-044" desc1Msg="23-044" desc2Msg="25-044" typeFlags="1087" targetFlags="0009" name="Cake" sellValue="10" powB="15"/>
	<Item index="0C2" nameMsg="26-045" desc1Msg="23-045" desc2Msg="25-045" typeFlags="1087" targetFlags="0009" name="Mistake" sellValue="1" powA="1" powB="1"/>
	<Item index="0C3" nameMsg="26-046" desc1Msg="23-046" desc2Msg="25-046" typeFlags="1187" targetFlags="0009" name="KoopaTea" sellValue="3" powB="7"/>
	<Item index="0C4" nameMsg="26-032" desc1Msg="23-032" desc2Msg="25-032" typeFlags="1087" targetFlags="0009" name="HoneySuper" sellValue="20" powA="10" powB="5"/>
	<Item index="0C5" nameMsg="26-033" desc1Msg="23-033" desc2Msg="25-033" typeFlags="1087" targetFlags="0009" name="MapleSuper" sellValue="35" powA="10" powB="10"/>
	<Item index="0C6" nameMsg="26-034" desc1Msg="23-034" desc2Msg="25-034" typeFlags="1087" targetFlags="0009" name="JellySuper" sellValue="100" powA="10" powB="50"/>
	<Item index="0C7" nameMsg="26-047" desc1Msg="23-047" desc2Msg="25-047" typeFlags="1087" targetFlags="0009" name="Spaghetti" sellValue="7" powA="6" powB="4"/>
	<Item index="0C8" nameMsg="26-048" desc1Msg="23-048" desc2Msg="25-048" typeFlags="1006" targetFlags="8003" name="EggMissile" sellValue="10" powA="6"/>
	<Item index="0C9" nameMsg="26-049" desc1Msg="23-049" desc2Msg="25-049" typeFlags="1087" targetFlags="0009" name="FriedEgg" sellValue="7" powA="10"/>
	<Item index="0CA" nameMsg="26-02F" desc1Msg="23-02F" desc2Msg="25-02F" typeFlags="1087" targetFlags="0009" name="HoneyShroom" sellValue="10" powA="5" powB="5"/>
	<Item index="0CB" nameMsg="26-04A" desc1Msg="23-04A" desc2Msg="25-04A" typeFlags="1087" targetFlags="0009" name="HoneyCandy" sellValue="15" powB="20"/>
	<Item index="0CC" nameMsg="26-04B" desc1Msg="23-04B" desc2Msg="25-04B" typeFlags="1087" targetFlags="0009" name="ElectroPop" sellValue="25" powB="15"/>
	<Item index="0CD" nameMsg="26-04C" desc1Msg="23-04C" desc2Msg="25-04C" typeFlags="1087" targetFlags="0009" name="FirePop" sellValue="20" powA="-1" powB="20"/>
	<Item index="0CE" nameMsg="26-04D" desc1Msg="23-04D" desc2Msg="25-04D" typeFlags="1087" targetFlags="0009" name="LimeCandy" sellValue="15" powB="20"/>
	<Item index="0CF" nameMsg="26-04E" desc1Msg="23-04E" desc2Msg="25-04E" typeFlags="1087" targetFlags="0009" name="CocoPop" sellValue="12" powA="3" powB="15"/>
	<Item index="0D0" nameMsg="26-04F" desc1Msg="23-04F" desc2Msg="25-04F" typeFlags="1087" targetFlags="0009" name="LemonCandy" sellValue="15" powA="5" powB="15"/>
	<Item index="0D1" nameMsg="26-050" desc1Msg="23-050" desc2Msg="25-050" typeFlags="1087" targetFlags="0009" name="JellyPop" sellValue="100" powB="64"/>
	<Item index="0D2" nameMsg="26-051" desc1Msg="23-051" desc2Msg="25-051" typeFlags="1086" targetFlags="0009" name="StrangeCake" sellValue="10"/>
	<Item index="0D3" nameMsg="26-052" desc1Msg="23-052" desc2Msg="25-052" typeFlags="1087" targetFlags="0009" name="KookyCookie" sellValue="12" powB="15"/>
	<Item index="0D4" nameMsg="26-053" desc1Msg="23-053" desc2Msg="25-053" typeFlags="1087" targetFlags="0009" name="FrozenFries" sellValue="15" powA="15"/>
	<Item index="0D5" nameMsg="26-054" desc1Msg="23-054" desc2Msg="25-054" typeFlags="1087" targetFlags="0009" name="PotatoSalad" sellValue="6" powA="10"/>
	<Item index="0D6" nameMsg="26-055" desc1Msg="23-055" desc2Msg="25-055" typeFlags="1087" targetFlags="0009" name="NuttyCake" sellValue="6" powB="10"/>
	<Item index="0D7" nameMsg="26-030" desc1Msg="23-030" desc2Msg="25-030" typeFlags="1087" targetFlags="0009" name="MapleShroom" sellValue="25" powA="5" powB="10"/>
	<Item index="0D8" nameMsg="26-056" desc1Msg="23-056" desc2Msg="25-056" typeFlags="1087" targetFlags="0009" name="BoiledEgg" sellValue="10" powA="8" powB="8"/>
	<Item index="0D9" nameMsg="26-057" desc1Msg="23-057" desc2Msg="25-057" typeFlags="1087" targetFlags="0009" name="YoshiCookie" sellValue="20" powA="15" powB="15"/>
	<Item index="0DA" nameMsg="26-031" desc1Msg="23-031" desc2Msg="25-031" typeFlags="1087" targetFlags="0009" name="JellyShroom1" hudElement="JellyShroom" itemEntity="JellyShroom" sellValue="75" powA="5" powB="50"/>
	<Item index="0DB" nameMsg="26-031" desc1Msg="23-031" desc2Msg="25-031" typeFlags="1087" targetFlags="0009" name="JellyShroom2" hudElement="JellyShroom" itemEntity="Placeholder" sellValue="75" powA="5" powB="50"/>
	<Item index="0DC" nameMsg="26-031" desc1Msg="23-031" desc2Msg="25-031" typeFlags="1087" targetFlags="0009" name="JellyShroom3" hudElement="JellyShroom" itemEntity="Placeholder" sellValue="75" powA="5" powB="50"/>
	<Item index="0DD" nameMsg="26-031" desc1Msg="23-031" desc2Msg="25-031" typeFlags="1087" targetFlags="0009" name="JellyShroom4" hudElement="JellyShroom" itemEntity="Placeholder" sellValue="75" powA="5" powB="50"/>
	<Item index="0DE" nameMsg="26-031" desc1Msg="23-031" desc2Msg="25-031" typeFlags="1087" targetFlags="0009" name="JellyShroom5" hudElement="JellyShroom" itemEntity="Placeholder" sellValue="75" powA="5" powB="50"/>
	<Item index="0DF" nameMsg="26-031" desc1Msg="23-031" desc2Msg="25-031" typeFlags="1087" targetFlags="0009" name="JellyShroom6" hudElement="JellyShroom" itemEntity="Placeholder" sellValue="75" powA="5" powB="50"/>
	<Item index="0E0" nameMsg="26-068" desc1Msg="23-068" desc2Msg="25-068" typeFlags="1040" targetFlags="0000" sortValue="17" name="SpinSmash" move="SpinSmash" sellValue="75"/>
	<Item index="0E1" nameMsg="26-05E" desc1Msg="23-05E" desc2Msg="25-05E" typeFlags="1040" targetFlags="0000" sortValue="04" name="Multibounce" move="Multibounce" sellValue="75"/>
	<Item index="0E2" nameMsg="26-073" desc1Msg="23-073" desc2Msg="25-073" typeFlags="1040" targetFlags="0000" sortValue="43" name="PowerPlusA" hudElement="PowerPlus" itemEntity="PowerPlus" move="PowerPlus" sellValue="250"/>
	<Item index="0E3" nameMsg="26-080" desc1Msg="23-080" desc2Msg="25-080" typeFlags="1040" targetFlags="0000" sortValue="28" name="DodgeMaster" move="DodgeMaster" sellValue="100"/>
	<Item index="0E4" nameMsg="26-061" desc1Msg="23-061" desc2Msg="25-061" typeFlags="1040" targetFlags="0000" sortValue="0D" name="PowerBounce" move="PowerBounce" sellValue="100"/>
	<Item index="0E5" nameMsg="26-07F" desc1Msg="23-07F" desc2Msg="25-07F" typeFlags="1040" targetFlags="0000" sortValue="5C" name="SpikeShield" move="SpikeShield" sellValue="100"/>
	<Item index="0E6" nameMsg="26-087" desc1Msg="23-087" desc2Msg="25-087" typeFlags="1040" targetFlags="0000" sortValue="6D" name="FirstAttack" move="FirstAttack" sellValue="100"/>
	<Item index="0E7" nameMsg="26-071" desc1Msg="23-071" desc2Msg="25-071" typeFlags="1040" targetFlags="0000" sortValue="35" name="HPPlusA" hudElement="HPPlus" itemEntity="HPPlus" move="HPPlus" sellValue="150"/>
	<Item index="0E8" nameMsg="26-06A" desc1Msg="23-06A" desc2Msg="25-06A" typeFlags="1040" targetFlags="0000" sortValue="18" name="QuakeHammer" move="QuakeHammer" sellValue="100"/>
	<Item index="0E9" nameMsg="26-06D" desc1Msg="23-06D" desc2Msg="25-06D" typeFlags="1040" targetFlags="0000" sortValue="21" name="DoubleDip" move="DoubleDip" sellValue="100"/>
	<Item index="0EA" nameMsg="00-000" desc1Msg="00-000" desc2Msg="00-000" typeFlags="1040" targetFlags="0000" name="MysteryScroll" hudElement="Present" itemEntity="Placeholder" move="MysteryScroll" sellValue="100"/>
	<Item index="0EB" nameMsg="26-05C" desc1Msg="23-05C" desc2Msg="25-05C" typeFlags="1040" targetFlags="0000" sortValue="09" name="SleepStomp" move="SleepStomp" sellValue="75"/>
	<Item index="0EC" nameMsg="26-097" desc1Msg="23-097" desc2Msg="25-097" typeFlags="1040" targetFlags="0000" sortValue="5B" name="FireShield" move="FireShield" sellValue="75"/>
	<Item index="0ED" nameMsg="26-070" desc1Msg="23-070" desc2Msg="25-070" typeFlags="1040" targetFlags="0000" sortValue="24" name="QuickChange" move="QuickChange" sellValue="200"/>
	<Item index="0EE" nameMsg="26-069" desc1Msg="23-069" desc2Msg="25-069" typeFlags="1040" targetFlags="0000" sortValue="1D" name="DDownPound" move="DDownPound" sellValue="75"/>
	<Item index="0EF" nameMsg="26-05D" desc1Msg="23-05D" desc2Msg="25-05D" typeFlags="1040" targetFlags="0000" sortValue="0A" name="DizzyStomp" move="DizzyStomp" sellValue="75"/>
	<Item index="0F0" nameMsg="00-000" desc1Msg="00-000" desc2Msg="00-000" typeFlags="1040" targetFlags="0000" sortValue="14" name="SmashCharge0" move="SmashCharge0" sellValue="30"/>
	<Item index="0F1" nameMsg="26-081" desc1Msg="23-081" desc2Msg="25-081" typeFlags="1040" targetFlags="0000" sortValue="55" name="PrettyLucky" move="PrettyLucky" sellValue="100"/>
	<Item index="0F2" nameMsg="26-08C" desc1Msg="23-08C" desc2Msg="25-08C" typeFlags="1040" targetFlags="0000" sortValue="5E" name="FeelingFine" move="FeelingFine" sellValue="100"/>
	<Item index="0F3" nameMsg="26-08D" desc1Msg="23-08D" desc2Msg="25-08D" typeFlags="1040" targetFlags="0000" sortValue="70" name="AttackFXA" move="AttackFXA" sellValue="30"/>
	<Item index="0F4" nameMsg="26-093" desc1Msg="23-093" desc2Msg="25-093" typeFlags="1040" targetFlags="0000" sortValue="50" name="AllorNothing" move="AllorNothing" sellValue="100"/>
	<Item index="0F5" nameMsg="26-078" desc1Msg="23-078" desc2Msg="25-078" typeFlags="1040" targetFlags="0000" sortValue="4F" name="HPDrain" move="HPDrain" sellValue="50"/>
	<Item index="0F6" nameMsg="00-000" desc1Msg="00-000" desc2Msg="00-000" typeFlags="1040" targetFlags="0000" sortValue="04" name="JumpCharge0" move="JumpCharge0" sellValue="30"/>
	<Item index="0F7" nameMsg="26-094" desc1Msg="23-094" desc2Msg="25-094" typeFlags="1040" targetFlags="0000" sortValue="6F" name="SlowGo" move="SlowGo" sellValue="10"/>
	<Item index="0F8" nameMsg="26-072" desc1Msg="23-072" desc2Msg="25-072" typeFlags="1040" targetFlags="0000" sortValue="3A" name="FPPlusA" hudElement="FPPlus" itemEntity="FPPlus" move="FPPlus" sellValue="150"/>
	<Item index="0F9" nameMsg="26-086" desc1Msg="23-086" desc2Msg="25-086" typeFlags="1040" targetFlags="0000" sortValue="51" name="MegaRush" move="MegaRush" sellValue="50"/>
	<Item index="0FA" nameMsg="26-095" desc1Msg="23-095" desc2Msg="25-095" typeFlags="1040" targetFlags="0000" sortValue="5A" name="IcePower" move="IcePower" sellValue="75"/>
	<Item index="0FB" nameMsg="26-074" desc1Msg="23-074" desc2Msg="25-074" typeFlags="1040" targetFlags="0000" sortValue="46" name="DefendPlusA" hudElement="DefendPlus" itemEntity="DefendPlus" move="DefendPlus" sellValue="250"/>
	<Item index="0FC" nameMsg="26-096" desc1Msg="23-096" desc2Msg="25-096" typeFlags="1040" targetFlags="0000" sortValue="65" name="PayOff" move="PayOff" sellValue="50"/>
	<Item index="0FD" nameMsg="26-09A" desc1Msg="23-09A" desc2Msg="25-09A" typeFlags="1040" targetFlags="0000" sortValue="65" name="MoneyMoney" move="MoneyMoney" sellValue="200"/>
	<Item index="0FE" nameMsg="26-098" desc1Msg="23-098" desc2Msg="25-098" typeFlags="1040" targetFlags="0000" sortValue="69" name="ChillOut" move="ChillOutBadge" sellValue="50"/>
	<Item index="0FF" nameMsg="26-079" desc1Msg="23-079" desc2Msg="25-079" typeFlags="1040" targetFlags="0000" sortValue="2A" name="HappyHeartA" hudElement="HappyHeart" itemEntity="HappyHeart" move="HappyHeart" sellValue="100"/>
	<Item index="100" nameMsg="26-099" desc1Msg="23-099" desc2Msg="25-099" typeFlags="1040" targetFlags="0000" sortValue="5F" name="ZapTap" move="ZapTap" sellValue="100"/>
	<Item index="101" nameMsg="00-000" desc1Msg="00-000" desc2Msg="00-000" typeFlags="1040" targetFlags="0000" sortValue="58" name="Berserker" move="Berserker" sellValue="300"/>
	<Item index="102" nameMsg="26-09B" desc1Msg="23-09B" desc2Msg="25-09B" typeFlags="1040" targetFlags="0000" sortValue="29" name="RightOn" move="RightOn" sellValue="300"/>
	<Item index="103" nameMsg="26-09C" desc1Msg="23-09C" desc2Msg="25-09C" typeFlags="1040" targetFlags="0000" sortValue="63" name="RunawayPay" move="RunawayPay" sellValue="50"/>
	<Item index="104" nameMsg="26-09D" desc1Msg="23-09D" desc2Msg="25-09D" typeFlags="1040" targetFlags="0000" sortValue="64" name="Refund" move="Refund" sellValue="50"/>
	<Item index="105" nameMsg="26-07B" desc1Msg="23-07B" desc2Msg="25-07B" typeFlags="1040" targetFlags="0000" sortValue="3F" name="FlowerSaverA" hudElement="FlowerSaver" itemEntity="FlowerSaver" move="FlowerSaver" sellValue="250"/>
	<Item index="106" nameMsg="26-06E" desc1Msg="23-06E" desc2Msg="25-06E" typeFlags="1040" targetFlags="0000" sortValue="22" name="TripleDip" move="TripleDip" sellValue="200"/>
	<Item index="107" nameMsg="26-066" desc1Msg="23-066" desc2Msg="25-066" typeFlags="1040" targetFlags="0000" sortValue="1C" name="HammerThrow" move="HammerThrow" sellValue="75"/>
	<Item index="108" nameMsg="26-06C" desc1Msg="23-06C" desc2Msg="25-06C" typeFlags="1040" targetFlags="0000" sortValue="1A" name="MegaQuake" move="MegaQuake" sellValue="200"/>
	<Item index="109" nameMsg="26-064" desc1Msg="23-064" desc2Msg="25-064" typeFlags="1040" targetFlags="0000" sortValue="15" name="SmashCharge" move="SmashCharge" sellValue="50"/>
	<Item index="10A" nameMsg="26-05A" desc1Msg="23-05A" desc2Msg="25-05A" typeFlags="1040" targetFlags="0000" sortValue="05" name="JumpCharge" move="JumpCharge" sellValue="50"/>
	<Item index="10B" nameMsg="26-065" desc1Msg="23-065" desc2Msg="25-065" typeFlags="1040" targetFlags="0000" sortValue="16" name="SSmashChg" move="SuperSmashCharge" sellValue="100"/>
	<Item index="10C" nameMsg="26-05B" desc1Msg="23-05B" desc2Msg="25-05B" typeFlags="1040" targetFlags="0000" sortValue="06" name="SJumpChg" move="SuperJumpCharge" sellValue="100"/>
	<Item index="10D" nameMsg="26-084" desc1Msg="23-084" desc2Msg="25-084" typeFlags="1040" targetFlags="0000" sortValue="53" name="PowerRush" move="PowerRush" sellValue="50"/>
	<Item index="10E" nameMsg="00-000" desc1Msg="00-000" desc2Msg="00-000" typeFlags="1040" targetFlags="0000" sortValue="0F" name="AutoJump" move="AutoJump" sellValue="50"/>
	<Item index="10F" nameMsg="00-000" desc1Msg="00-000" desc2Msg="00-000" typeFlags="1040" targetFlags="0000" sortValue="1F" name="AutoSmash" move="AutoSmash" sellValue="50"/>
	<Item index="110" nameMsg="00-000" desc1Msg="00-000" desc2Msg="00-000" typeFlags="1040" targetFlags="0000" sortValue="2D" name="CrazyHeart" move="CrazyHeart" sellValue="300"/>
	<Item index="111" nameMsg="26-085" desc1Msg="23-085" desc2Msg="25-085" typeFlags="1040" targetFlags="0000" sortValue="52" name="LastStand" move="LastStand" sellValue="50"/>
	<Item index="112" nameMsg="26-083" desc1Msg="23-083" desc2Msg="25-083" typeFlags="1040" targetFlags="0000" sortValue="54" name="CloseCall" move="CloseCall" sellValue="50"/>
	<Item index="113" nameMsg="26-076" desc1Msg="23-076" desc2Msg="25-076" typeFlags="1040" targetFlags="0000" sortValue="4E" name="PUpDDown" move="PUpDDown" sellValue="100"/>
	<Item index="114" nameMsg="26-082" desc1Msg="23-082" desc2Msg="25-082" typeFlags="1040" targetFlags="0000" sortValue="56" name="LuckyDay" move="LuckyDay" sellValue="300"/>
	<Item index="115" nameMsg="00-000" desc1Msg="00-000" desc2Msg="00-000" typeFlags="1040" targetFlags="0000" sortValue="57" name="MegaHPDrain" move="MegaHPDrain" sellValue="100"/>
	<Item index="116" nameMsg="26-077" desc1Msg="23-077" desc2Msg="25-077" typeFlags="1040" targetFlags="0000" sortValue="4D" name="PDownDUp" move="PDownDUp" sellValue="100"/>
	<Item index="117" nameMsg="26-06B" desc1Msg="23-06B" desc2Msg="25-06B" typeFlags="1040" targetFlags="0000" sortValue="19" name="PowerQuake" move="PowerQuake" sellValue="150"/>
	<Item index="118" nameMsg="00-000" desc1Msg="00-000" desc2Msg="00-000" typeFlags="1040" targetFlags="0000" sortValue="0E" name="AutoMultibounce" move="AutoMultibounce" sellValue="75"/>
	<Item index="119" nameMsg="00-000" desc1Msg="00-000" desc2Msg="00-000" typeFlags="1040" targetFlags="0000" sortValue="42" name="FlowerFanatic" move="FlowerFanatic" sellValue="300"/>
	<Item index="11A" nameMsg="26-07C" desc1Msg="23-07C" desc2Msg="25-07C" typeFlags="1040" targetFlags="0000" sortValue="61" name="HeartFinder" move="HeartFinder" sellValue="75"/>
	<Item index="11B" nameMsg="26-07D" desc1Msg="23-07D" desc2Msg="25-07D" typeFlags="1040" targetFlags="0000" sortValue="62" name="FlowerFinder" move="FlowerFinder" sellValue="75"/>
	<Item index="11C" nameMsg="26-089" desc1Msg="23-089" desc2Msg="25-089" typeFlags="1040" targetFlags="0000" sortValue="6C" name="SpinAttack" move="SpinAttack" sellValue="150"/>
	<Item index="11D" nameMsg="26-08A" desc1Msg="23-08A" desc2Msg="25-08A" typeFlags="1040" targetFlags="0000" sortValue="6B" name="DizzyAttack" move="DizzyAttack" sellValue="100"/>
	<Item index="11E" nameMsg="26-09E" desc1Msg="23-09E" desc2Msg="25-09E" typeFlags="1040" targetFlags="0000" sortValue="68" name="ISpy" move="ISpy" sellValue="200"/>
	<Item index="11F" nameMsg="26-08B" desc1Msg="23-08B" desc2Msg="25-08B" typeFlags="1040" targetFlags="0000" sortValue="6A" name="SpeedySpin" move="SpeedySpin" sellValue="50"/>
	<Item index="120" nameMsg="26-088" desc1Msg="23-088" desc2Msg="25-088" typeFlags="1040" targetFlags="0000" sortValue="6E" name="BumpAttack" move="BumpAttack" sellValue="200"/>
	<Item index="121" nameMsg="26-058" desc1Msg="23-058" desc2Msg="25-058" typeFlags="1040" targetFlags="0000" sortValue="01" name="PowerJump" move="PowerJump" sellValue="50"/>
	<Item index="122" nameMsg="00-000" desc1Msg="00-000" desc2Msg="00-000" typeFlags="1040" targetFlags="0000" sortValue="02" name="SuperJump" move="SuperJump" sellValue="100"/>
	<Item index="123" nameMsg="26-059" desc1Msg="23-059" desc2Msg="25-059" typeFlags="1040" targetFlags="0000" sortValue="03" name="MegaJump" move="MegaJump" sellValue="200"/>
	<Item index="124" nameMsg="26-062" desc1Msg="23-062" desc2Msg="25-062" typeFlags="1040" targetFlags="0000" sortValue="11" name="PowerSmash1" itemEntity="PowerSmash" move="PowerSmash" sellValue="50"/>
	<Item index="125" nameMsg="00-000" desc1Msg="00-000" desc2Msg="00-000" typeFlags="1040" targetFlags="0000" sortValue="12" name="SuperSmash" move="SuperSmash" sellValue="100"/>
	<Item index="126" nameMsg="26-063" desc1Msg="23-063" desc2Msg="25-063" typeFlags="1040" targetFlags="0000" sortValue="13" name="MegaSmash" move="MegaSmash" sellValue="200"/>
	<Item index="127" nameMsg="26-062" desc1Msg="23-062" desc2Msg="25-062" typeFlags="1040" targetFlags="0000" sortValue="11" name="PowerSmash2" hudElement="Present" itemEntity="Placeholder" move="MegaSmash" sellValue="50"/>
	<Item index="128" nameMsg="26-062" desc1Msg="23-062" desc2Msg="25-062" typeFlags="1040" targetFlags="0000" sortValue="11" name="PowerSmash3" hudElement="Present" itemEntity="Placeholder" move="MegaSmash" sellValue="50"/>
	<Item index="129" nameMsg="26-07E" desc1Msg="23-07E" desc2Msg="25-07E" typeFlags="1040" targetFlags="0000" sortValue="31" name="DeepFocus1" hudElement="DeepFocus3" itemEntity="DeepFocus" move="DeepFocus" sellValue="50"/>
	<Item index="12A" nameMsg="00-000" desc1Msg="00-000" desc2Msg="00-000" typeFlags="1040" targetFlags="0000" sortValue="34" name="SuperFocus" move="SuperFocus" sellValue="100"/>
	<Item index="12B" nameMsg="26-067" desc1Msg="23-067" desc2Msg="25-067" typeFlags="1040" targetFlags="0000" sortValue="1B" name="ShrinkSmash" move="ShrinkSmash" sellValue="75"/>
	<Item index="12C" nameMsg="00-000" desc1Msg="00-000" desc2Msg="00-000" typeFlags="1040" targetFlags="0000" sortValue="1E" name="ShellCrack" hudElement="Present" itemEntity="Placeholder" move="ShellCrack" sellValue="100"/>
	<Item index="12D" nameMsg="00-000" desc1Msg="00-000" desc2Msg="00-000" typeFlags="1040" targetFlags="0000" sortValue="27" name="Kaiden" move="Kaiden" sellValue="300"/>
	<Item index="12E" nameMsg="26-060" desc1Msg="23-060" desc2Msg="25-060" typeFlags="1040" targetFlags="0000" sortValue="0C" name="DDownJump" move="DDownJump" sellValue="100"/>
	<Item index="12F" nameMsg="26-05F" desc1Msg="23-05F" desc2Msg="25-05F" typeFlags="1040" targetFlags="0000" sortValue="08" name="ShrinkStomp" move="ShrinkStomp" sellValue="75"/>
	<Item index="130" nameMsg="26-075" desc1Msg="23-075" desc2Msg="25-075" typeFlags="1040" targetFlags="0000" sortValue="49" name="DamageDodgeA" hudElement="DamageDodge" itemEntity="DamageDodge" move="DamageDodge" sellValue="150"/>
	<Item index="131" nameMsg="00-000" desc1Msg="00-000" desc2Msg="00-000" typeFlags="1040" targetFlags="0000" sortValue="0B" name="EarthquakeJump" move="EarthquakeJump" sellValue="100"/>
	<Item index="132" nameMsg="26-07E" desc1Msg="23-07E" desc2Msg="25-07E" typeFlags="1040" targetFlags="0000" sortValue="31" name="DeepFocus2" hudElement="DeepFocus3" itemEntity="DeepFocus" move="DeepFocus" sellValue="50"/>
	<Item index="133" nameMsg="26-07E" desc1Msg="23-07E" desc2Msg="25-07E" typeFlags="1040" targetFlags="0000" sortValue="31" name="DeepFocus3" itemEntity="SuperFocus" move="DeepFocus" sellValue="50"/>
	<Item index="134" nameMsg="26-071" desc1Msg="23-071" desc2Msg="25-071" typeFlags="1040" targetFlags="0000" sortValue="35" name="HPPlusB" hudElement="HPPlus" itemEntity="HPPlus" move="HPPlus" sellValue="150"/>
	<Item index="135" nameMsg="26-072" desc1Msg="23-072" desc2Msg="25-072" typeFlags="1040" targetFlags="0000" sortValue="3A" name="FPPlusB" hudElement="FPPlus" itemEntity="FPPlus" move="FPPlus" sellValue="150"/>
	<Item index="136" nameMsg="26-079" desc1Msg="23-079" desc2Msg="25-079" typeFlags="1040" targetFlags="0000" sortValue="2A" name="HappyHeartB" hudElement="HappyHeart" itemEntity="HappyHeart" move="HappyHeart" sellValue="100"/>
	<Item index="137" nameMsg="26-079" desc1Msg="23-079" desc2Msg="25-079" typeFlags="1040" targetFlags="0000" sortValue="2A" name="HappyHeartX" hudElement="HappyHeart" itemEntity="HappyHeart" move="HappyHeart" sellValue="100"/>
	<Item index="138" nameMsg="26-07B" desc1Msg="23-07B" desc2Msg="25-07B" typeFlags="1040" targetFlags="0000" sortValue="3F" name="FlowerSaverB" hudElement="FlowerSaver" itemEntity="FlowerSaver" move="FlowerSaver" sellValue="250"/>
	<Item index="139" nameMsg="26-07B" desc1Msg="23-07B" desc2Msg="25-07B" typeFlags="1040" targetFlags="0000" sortValue="3F" name="FlowerSaverX" hudElement="FlowerSaver" itemEntity="FlowerSaver" move="FlowerSaver" sellValue="250"/>
	<Item index="13A" nameMsg="26-075" desc1Msg="23-075" desc2Msg="25-075" typeFlags="1040" targetFlags="0000" sortValue="49" name="DamageDodgeB" hudElement="DamageDodge" itemEntity="DamageDodge" move="DamageDodge" sellValue="150"/>
	<Item index="13B" nameMsg="26-075" desc1Msg="23-075" desc2Msg="25-075" typeFlags="1040" targetFlags="0000" sortValue="49" name="DamageDodgeX" hudElement="DamageDodge" itemEntity="DamageDodge" move="DamageDodge" sellValue="150"/>
	<Item index="13C" nameMsg="26-073" desc1Msg="23-073" desc2Msg="25-073" typeFlags="1040" targetFlags="0000" sortValue="43" name="PowerPlusB" hudElement="PowerPlus" itemEntity="PowerPlus" move="PowerPlus" sellValue="250"/>
	<Item index="13D" nameMsg="26-073" desc1Msg="23-073" desc2Msg="25-073" typeFlags="1040" targetFlags="0000" sortValue="43" name="PowerPlusX" hudElement="PowerPlus" itemEntity="PowerPlus" move="PowerPlus" sellValue="250"/>
	<Item index="13E" nameMsg="26-074" desc1Msg="23-074" desc2Msg="25-074" typeFlags="1040" targetFlags="0000" sortValue="46" name="DefendPlusX" hudElement="DefendPlus" itemEntity="DefendPlus" move="DefendPlus" sellValue="250"/>
	<Item index="13F" nameMsg="26-074" desc1Msg="23-074" desc2Msg="25-074" typeFlags="1040" targetFlags="0000" sortValue="46" name="DefendPlusY" hudElement="DefendPlus" itemEntity="DefendPlus" move="DefendPlus" sellValue="250"/>
	<Item index="140" nameMsg="26-07A" desc1Msg="23-07A" desc2Msg="25-07A" typeFlags="1040" targetFlags="0000" sortValue="2E" name="HappyFlowerA" hudElement="HappyFlower" itemEntity="HappyFlower" move="HappyFlower" sellValue="100"/>
	<Item index="141" nameMsg="26-07A" desc1Msg="23-07A" desc2Msg="25-07A" typeFlags="1040" targetFlags="0000" sortValue="2E" name="HappyFlowerB" hudElement="HappyFlower" itemEntity="HappyFlower" move="HappyFlower" sellValue="100"/>
	<Item index="142" nameMsg="26-07A" desc1Msg="23-07A" desc2Msg="25-07A" typeFlags="1040" targetFlags="0000" sortValue="2E" name="HappyFlowerX" hudElement="HappyFlower" itemEntity="HappyFlower" move="HappyFlower" sellValue="100"/>
	<Item index="143" nameMsg="26-06F" desc1Msg="23-06F" desc2Msg="25-06F" typeFlags="1040" targetFlags="0000" sortValue="23" name="GroupFocus" move="GroupFocus" sellValue="100"/>
	<Item index="144" nameMsg="26-09F" desc1Msg="23-09F" desc2Msg="25-09F" typeFlags="1040" targetFlags="0000" sortValue="25" name="Peekaboo" move="Peekaboo" sellValue="100"/>
	<Item index="145" nameMsg="26-08E" desc1Msg="23-08E" desc2Msg="25-08E" typeFlags="1040" targetFlags="0000" sortValue="73" name="AttackFXD" move="AttackFXD" sellValue="30"/>
	<Item index="146" nameMsg="26-08F" desc1Msg="23-08F" desc2Msg="25-08F" typeFlags="1040" targetFlags="0000" sortValue="71" name="AttackFXB" move="AttackFXB" sellValue="30"/>
	<Item index="147" nameMsg="26-090" desc1Msg="23-090" desc2Msg="25-090" typeFlags="1040" targetFlags="0000" sortValue="74" name="AttackFXE" move="AttackFXE" sellValue="30"/>
	<Item index="148" nameMsg="26-091" desc1Msg="23-091" desc2Msg="25-091" typeFlags="1040" targetFlags="0000" sortValue="72" name="AttackFXC" move="AttackFXC" sellValue="30"/>
	<Item index="149" nameMsg="26-092" desc1Msg="23-092" desc2Msg="25-092" typeFlags="1040" targetFlags="0000" sortValue="75" name="AttackFXF" move="AttackFXF" sellValue="30"/>
	<Item index="14A" nameMsg="26-071" desc1Msg="23-071" desc2Msg="25-071" typeFlags="1040" targetFlags="0000" sortValue="35" name="HPPlusC" hudElement="HPPlus" itemEntity="HPPlus" move="HPPlus" sellValue="150"/>
	<Item index="14B" nameMsg="26-071" desc1Msg="23-071" desc2Msg="25-071" typeFlags="1040" targetFlags="0000" sortValue="35" name="HPPlusX" hudElement="HPPlus" itemEntity="HPPlus" move="HPPlus" sellValue="150"/>
	<Item index="14C" nameMsg="26-071" desc1Msg="23-071" desc2Msg="25-071" typeFlags="1040" targetFlags="0000" sortValue="35" name="HPPlusY" hudElement="HPPlus" itemEntity="HPPlus" move="HPPlus" sellValue="150"/>
	<Item index="14D" nameMsg="26-072" desc1Msg="23-072" desc2Msg="25-072" typeFlags="1040" targetFlags="0000" sortValue="3A" name="FPPlusC" hudElement="FPPlus" itemEntity="FPPlus" move="FPPlus" sellValue="150"/>
	<Item index="14E" nameMsg="26-072" desc1Msg="23-072" desc2Msg="25-072" typeFlags="1040" targetFlags="0000" sortValue="3A" name="FPPlusX" hudElement="FPPlus" itemEntity="FPPlus" move="FPPlus" sellValue="150"/>
	<Item index="14F" nameMsg="26-072" desc1Msg="23-072" desc2Msg="25-072" typeFlags="1040" targetFlags="0000" sortValue="3A" name="FPPlusY" hudElement="FPPlus" itemEntity="FPPlus" move="FPPlus" sellValue="150"/>
	<Item index="150" nameMsg="00-000" desc1Msg="00-000" desc2Msg="00-000" typeFlags="1040" targetFlags="0000" sortValue="5D" name="HealthyHealthy" move="HealthyHealthy" sellValue="100"/>
	<Item index="151" nameMsg="26-092" desc1Msg="23-092" desc2Msg="25-092" typeFlags="1040" targetFlags="0000" sortValue="75" name="AttackFXF2" hudElement="AttackFXF" itemEntity="Placeholder" move="AttackFXF" sellValue="30"/>
	<Item index="152" nameMsg="26-092" desc1Msg="23-092" desc2Msg="25-092" typeFlags="1040" targetFlags="0000" sortValue="75" name="AttackFXF3" hudElement="AttackFXF" itemEntity="Placeholder" move="AttackFXF" sellValue="30"/>
	<Item index="153" nameMsg="26-092" desc1Msg="23-092" desc2Msg="25-092" typeFlags="1040" targetFlags="0000" sortValue="75" name="AttackFXF4" hudElement="AttackFXF" itemEntity="Placeholder" move="AttackFXF" sellValue="30"/>
	<Item index="154" nameMsg="26-092" desc1Msg="23-092" desc2Msg="25-092" typeFlags="1040" targetFlags="0000" sortValue="75" name="AttackFXF5" hudElement="AttackFXF" itemEntity="Placeholder" move="AttackFXF" sellValue="30"/>
	<Item index="155" nameMsg="00-000" desc1Msg="00-000" desc2Msg="00-000" typeFlags="1040" targetFlags="0008" name="PartnerAttack" hudElement="MoveDiamond" itemEntity="Placeholder" sellValue="1"/>
	<Item index="156" nameMsg="00-000" desc1Msg="00-000" desc2Msg="00-000" typeFlags="0000" targetFlags="0008" name="Heart"/>
	<Item index="157" nameMsg="00-000" desc1Msg="00-000" desc2Msg="00-000" typeFlags="0200" targetFlags="0008" name="Coin" sellValue="1"/>
	<Item index="158" nameMsg="00-000" desc1Msg="00-000" desc2Msg="00-000" typeFlags="0200" targetFlags="0008" name="HeartPiece"/>
	<Item index="159" nameMsg="00-000" desc1Msg="00-000" desc2Msg="00-000" typeFlags="0200" targetFlags="0008" name="StarPoint"/>
	<Item index="15A" nameMsg="00-000" desc1Msg="00-000" desc2Msg="00-000" typeFlags="1200" targetFlags="0008" name="HeartPoint"/>
	<Item index="15B" nameMsg="00-000" desc1Msg="00-000" desc2Msg="00-000" typeFlags="1200" targetFlags="0008" name="FlowerPoint" sellValue="1"/>
	<Item index="15C" nameMsg="26-10C" desc1Msg="00-000" desc2Msg="00-000" typeFlags="1200" targetFlags="0008" name="StarPiece" sellValue="1"/>
	<Item index="15D" nameMsg="00-000" desc1Msg="00-000" desc2Msg="00-000" typeFlags="1000" targetFlags="0008" name="Present" sellValue="0"/>
	<Item index="15E" nameMsg="00-000" desc1Msg="00-000" desc2Msg="00-000" typeFlags="1000" targetFlags="0008" name="CakeDone" sellValue="0"/>
	<Item index="15F" nameMsg="00-000" desc1Msg="00-000" desc2Msg="00-000" typeFlags="1000" targetFlags="0008" name="CakeBare" sellValue="0"/>
	<Item index="160" nameMsg="00-000" desc1Msg="00-000" desc2Msg="00-000" typeFlags="1000" targetFlags="0008" name="CakePan" sellValue="0"/>
	<Item index="161" nameMsg="00-000" desc1Msg="00-000" desc2Msg="00-000" typeFlags="1000" targetFlags="0008" name="CakeBatter" sellValue="0"/>
	<Item index="162" nameMsg="00-000" desc1Msg="00-000" desc2Msg="00-000" typeFlags="1000" targetFlags="0008" name="CakeBowl" sellValue="0"/>
	<Item index="163" nameMsg="00-000" desc1Msg="00-000" desc2Msg="00-000" typeFlags="1000" targetFlags="0008" name="CakeMixed" sellValue="0"/>
	<Item index="164" nameMsg="00-000" desc1Msg="00-000" desc2Msg="00-000" typeFlags="1000" targetFlags="0008" name="CakeWithIcing" sellValue="0"/>
	<Item index="165" nameMsg="00-000" desc1Msg="00-000" desc2Msg="00-000" typeFlags="1000" targetFlags="0008" name="CakeWithBerries" sellValue="0"/>
	<Item index="166" nameMsg="00-000" desc1Msg="00-000" desc2Msg="00-000" typeFlags="1000" targetFlags="0008" name="Hammer1Icon" hudElement="Hammer1" itemEntity="Hammer1" sellValue="0"/>
	<Item index="167" nameMsg="00-000" desc1Msg="00-000" desc2Msg="00-000" typeFlags="1000" targetFlags="0008" name="Hammer2Icon" hudElement="Hammer2" itemEntity="Hammer2" sellValue="0"/>
	<Item index="168" nameMsg="00-000" desc1Msg="00-000" desc2Msg="00-000" typeFlags="1000" targetFlags="0008" name="Hammer3Icon" hudElement="Hammer3" itemEntity="Hammer3" sellValue="0"/>
	<Item index="169" nameMsg="00-000" desc1Msg="00-000" desc2Msg="00-000" typeFlags="1000" targetFlags="0008" name="Boots1Icon" hudElement="Boots1" itemEntity="Boots1" sellValue="0"/>
	<Item index="16A" nameMsg="00-000" desc1Msg="00-000" desc2Msg="00-000" typeFlags="1000" targetFlags="0008" name="Boots2Icon" hudElement="Boots2" itemEntity="Boots2" sellValue="0"/>
	<Item index="16B" nameMsg="00-000" desc1Msg="00-000" desc2Msg="00-000" typeFlags="1000" targetFlags="0008" name="Boots3Icon" hudElement="Boots3" itemEntity="Boots3" sellValue="0"/>
	<Item index="16C" nameMsg="00-000" desc1Msg="00-000" desc2Msg="00-000" typeFlags="1000" targetFlags="0008" name="ItemsIcon" hudElement="Items" itemEntity="Items" sellValue="0"/>
</Items>
