<?xml version="1.0" encoding="UTF-8" standalone="no"?>
<!-- You can't add new partners, but you can modify any of the existing ones. -->
<Partners>
	<Partner name="00 Goombario" fullDesc="00280006" abilityDesc="00280000" battleDesc="00280001" portraitName="party_kurio">
		<World idleAnim="00010001" isFlying="false" initFunction="$Function_Init">
			<Scripts onUpdate="$Script_Update" useAbility="$Script_UseAbility" onTakeOut="$Script_TakeOut" onPutAway="$Script_PutAway"/>
			<Callbacks canUseAbility="$Function_CanUseAbility" canPause="$Function_CanUseAbility" beforeBattle="$Function_BeforeBattle"/>
			<Anims default="00010000" idle="00010001" speak="00010008" walk="00010002" run="00010003" fly="00010001" fall="00010005" jump="00010004" hurt="00010007"/>
		</World>
	</Partner>
	<Partner name="01 Kooper" fullDesc="00280013" abilityDesc="0028000D" battleDesc="0028000E" portraitName="party_kameki">
		<World idleAnim="00020003" isFlying="false" initFunction="$Function_Init">
			<Scripts onUpdate="$Script_Update" useAbility="$Script_UseAbility" onTakeOut="$Script_TakeOut" onPutAway="$Script_PutAway"/>
			<Callbacks canUseAbility="800EA514" canPause="800EA514" beforeBattle="$Function_BeforeBattle" afterBattle="$Function_AfterBattle" testCollision="$Function_TestEnemyCollision"/>
			<Anims default="00020000" idle="00020003" speak="0002000D" walk="00020004" run="00020005" fly="00020000" fall="00020007" jump="00020006" hurt="0002000C"/>
		</World>
	</Partner>
	<Partner name="02 Bombette" fullDesc="00280020" abilityDesc="0028001A" battleDesc="0028001B" portraitName="party_pinki">
		<World idleAnim="00030003" isFlying="false" initFunction="$Function_Init">
			<Scripts onUpdate="$Script_Update" useAbility="$Script_UseAbility" onTakeOut="$Script_TakeOut" onPutAway="$Script_PutAway"/>
			<Callbacks canUseAbility="$Function_CanUseAbility" canPause="$Function_PlayerCanPause" beforeBattle="$Function_BeforeBattle" testCollision="$Function_TestEnemyCollision"/>
			<Anims default="00030000" idle="00030003" speak="0003000E" walk="00030005" run="00030007" fly="00030000" fall="0003000A" jump="00030009" hurt="0003000D"/>
		</World>
	</Partner>
	<Partner name="03 Parakarry" fullDesc="0028002D" abilityDesc="00280027" battleDesc="00280028" portraitName="party_pareta">
		<World idleAnim="00040001" isFlying="true" initFunction="$Function_Init">
			<Scripts onUpdate="$Script_Update" useAbility="$Script_UseAbility" onTakeOut="$Script_TakeOut" onPutAway="$Script_PutAway"/>
			<Callbacks canPause="800EA514" beforeBattle="$Function_BeforeBattle" afterBattle="$Function_AfterBattle"/>
			<Anims default="00040000" idle="00040001" speak="00040006" walk="00040002" run="00040003" fly="00040002" fall="00040002" jump="00040008" hurt="00040005"/>
		</World>
	</Partner>
	<Partner name="04 Goompa" fullDesc="00280006" abilityDesc="00000000" battleDesc="00000000" portraitName="party_kurio">
		<World idleAnim="009D0001" isFlying="false" initFunction="$Function_Init">
			<Scripts onUpdate="$Script_Update" useAbility="$Script_UseAbility" onTakeOut="$Script_TakeOut" onPutAway="$Script_PutAway"/>
			<Callbacks/>
			<Anims default="009D0000" idle="009D0001" speak="009D0008" walk="009D0002" run="009D0003" fly="009D0001" fall="009D0005" jump="009D0004" hurt="009D0001"/>
		</World>
	</Partner>
	<Partner name="05 Watt" fullDesc="00280047" abilityDesc="00280041" battleDesc="00280042" portraitName="party_resa">
		<World idleAnim="00060001" isFlying="true" initFunction="$Function_Init">
			<Scripts onUpdate="$Script_Update" useAbility="$Script_UseAbility" onTakeOut="$Script_TakeOut" onPutAway="$Script_PutAway" whileRiding="$Script_WhileRiding"/>
			<Callbacks canPause="800EA524" beforeBattle="$Function_BeforeBattle" afterBattle="$Function_AfterBattle"/>
			<Anims default="00060000" idle="00060001" speak="00060004" walk="00060002" run="00060003" fly="00060000" fall="00060002" jump="00060002" hurt="00060007"/>
		</World>
	</Partner>
	<Partner name="06 Sushie" fullDesc="00280054" abilityDesc="0028004E" battleDesc="0028004F" portraitName="party_akari">
		<World idleAnim="00070001" isFlying="false" initFunction="$Function_Init">
			<Scripts onUpdate="$Script_Update" useAbility="$Script_UseAbility" onTakeOut="$Script_TakeOut" onPutAway="$Script_PutAway" whileRiding="$Script_WhileRiding"/>
			<Callbacks canPause="800EA524" beforeBattle="$Function_BeforeBattle" afterBattle="$Function_AfterBattle"/>
			<Anims default="00070000" idle="00070001" speak="00070004" walk="00070002" run="00070003" fly="00070000" fall="00070002" jump="00070002" hurt="00070008"/>
		</World>
	</Partner>
	<Partner name="07 Lakilester" fullDesc="00280061" abilityDesc="0028005B" battleDesc="0028005C" portraitName="party_opuku">
		<World idleAnim="00080001" isFlying="true" initFunction="$Function_Init">
			<Scripts onUpdate="$Script_Update" useAbility="$Script_UseAbility" onTakeOut="$Script_TakeOut" onPutAway="$Script_PutAway" whileRiding="$Script_WhileRiding"/>
			<Callbacks canPause="800EA524" beforeBattle="$Function_BeforeBattle" afterBattle="$Function_AfterBattle"/>
			<Anims default="00080000" idle="00080001" speak="00080009" walk="00080005" run="00080007" fly="00080000" fall="00080005" jump="00080005" hurt="0008000A"/>
		</World>
	</Partner>
	<Partner name="08 Bow" fullDesc="0028003A" abilityDesc="00280034" battleDesc="00280035" portraitName="party_pokopi">
		<World idleAnim="00050001" isFlying="true" initFunction="$Function_Init">
			<Scripts onUpdate="$Script_Update" useAbility="$Script_UseAbility" onTakeOut="$Script_TakeOut" onPutAway="$Script_PutAway"/>
			<Callbacks canUseAbility="800EA514" canPause="800EA524" beforeBattle="$Function_BeforeBattle"/>
			<Anims default="00050000" idle="00050001" speak="00050004" walk="00050002" run="00050003" fly="00050000" fall="00050002" jump="00050002" hurt="0005000C"/>
		</World>
	</Partner>
	<Partner name="09 Goombaria" fullDesc="00280006" abilityDesc="00000000" battleDesc="00000000" portraitName="party_kurio">
		<World idleAnim="009E0001" isFlying="false" initFunction="$Function_Init">
			<Scripts onUpdate="$Script_Update" useAbility="$Script_UseAbility" onTakeOut="$Script_TakeOut" onPutAway="$Script_PutAway"/>
			<Callbacks canUseAbility="800EA514" canPause="800EA514"/>
			<Anims default="009E0000" idle="009E0001" speak="009E000B" walk="009E0005" run="009E0007" fly="009E0001" fall="009E0013" jump="009E0012" hurt="009E0001"/>
		</World>
	</Partner>
	<Partner name="0A Twink" fullDesc="00280006" abilityDesc="00000000" battleDesc="00000000" portraitName="party_kurio">
		<World idleAnim="00200001" isFlying="true" initFunction="$Function_Init">
			<Scripts onUpdate="$Script_Update" useAbility="$Script_UseAbility" onTakeOut="$Script_TakeOut" onPutAway="$Script_PutAway"/>
			<Callbacks canUseAbility="800EA514" canPause="800EA514"/>
			<Anims default="00200000" idle="00200001" speak="00200009" walk="00200001" run="00200001" fly="00200001" fall="00200001" jump="00200001" hurt="00200020"/>
		</World>
	</Partner>
</Partners>
