<?xml version="1.0" encoding="UTF-8" standalone="no"?>
<WorldMap>
    <Location id="01" parent="01" path="1,-10;1,-8;-9,-2;-8,0;-8,0;-7,-3;-5,-3" posX="116" posY="185" update="60"/>
    <Location id="19" parent="01" path="-1,24;1,-8;2,-7" posX="118" posY="151" update="60"/>
    <Location id="1B" parent="19" path="-3,7;-7,4;-8,2" posX="143" posY="134" update="97"/>
    <Location id="02" parent="01" path="" posX="100" posY="174" update="61"/>
    <Location id="1E" parent="1F" path="" posX="36" posY="157" update="8D"/>
    <Location id="1F" parent="01" path="-8,-3;-7,0;-8,1;-7,2" posX="74" posY="154" update="95"/>
    <Location id="20" parent="01" path="-9,0;-6,-1;-7,0;-8,1;-1,8" posX="148" posY="167" update="B5"/>
    <Location id="21" parent="20" path="1,6;-3,6" posX="154" posY="148" update="A4"/>
    <Location id="07" parent="20" path="-7,1;-7,3;-7,3;-7,3;-7,1;-7,2;-7,0" posX="205" posY="152" update="B5"/>
    <Location id="08" parent="01" path="-9,3;-8,0;-8,0;-9,-2;-7,-4;-7,-4;-6,-5;-5,-6;-1,-7;-3,-6;-3,-6;-7,-4;-7,0;-8,0;-8,0;-8,0;-8,0;0,-6;0,-6" posX="227" posY="243" update="61"/>
    <Location id="0A" parent="08" path="-6,5;-6,3;-8,0;-8,-4;-5,-5;-8,-3;-8,1;-5,5;-2,7;2,7;5,5;6,5;6,3" posX="266" posY="206" update="C2"/>
    <Location id="09" parent="0A" path="-2,6;-4,4" posX="280" posY="191" update="61"/>
    <Location id="0B" parent="0A" path="4,6;4,5" posX="252" posY="188" update="CA"/>
    <Location id="0C" parent="01" path="-8,-1;-10,-2;-8,-2;-9,-1;-8,-1;-10,0;-9,0" posX="187" posY="193" update="D0"/>
    <Location id="0D" parent="0C" path="8,6" posX="170" posY="180" update="DD"/>
    <Location id="22" parent="0C" path="-7,4;-7,5;-7,4;-7,5" posX="223" posY="170" update="F2"/>
    <Location id="0F" parent="22" path="-8,2;-8,3;-8,3;-8,3" posX="263" posY="156" update="F2"/>
    <Location id="23" parent="22" path="10,-1" posX="203" posY="171" update="F2"/>
    <Location id="10" parent="01" path="6,6;6,6;8,2;7,-1" posX="79" posY="173" update="07"/>
    <Location id="24" parent="01" path="11,2;11,0;11,-2;10,-3;7,-7;3,-8;0,-9;-4,-7;-9,-3;-10,-2;-9,-2;-7,-6;-2,-9;1,-9;0,-9;-8,-5;-9,-2;1,-8;9,-2;9,-2;8,-5" posX="66" posY="289" update="18"/>
    <Location id="25" parent="24" path="-9,3;-5,5" posX="84" posY="274" update="61"/>
    <Location id="12" parent="24" path="-5,6;-2,9;2,8;7,6;7,4" posX="47" posY="252" update="26"/>
    <Location id="26" parent="01" path="" posX="59" posY="126" update="3A"/>
    <Location id="27" parent="26" path="-3,6;0,7;5,6;1,7" posX="58" posY="92" update="3A"/>
    <Location id="28" parent="02" path="" posX="183" posY="125" update="43"/>
    <Location id="29" parent="28" path="-9,-2" posX="203" posY="126" update="45"/>
    <Location id="2A" parent="29" path="-11,1;-9,-2" posX="234" posY="128" update="48"/>
    <Location id="2B" parent="29" path="-7,3;-6,5" posX="220" posY="112" update="59"/>
    <Location id="15" parent="2B" path="0,7" posX="223" posY="99" update="59"/>
    <Location id="1C" parent="1B" path="-9,3;-8,1;-7,1;-7,4;2,6;8,3" posX="158" posY="110" update="61"/>
    <Location id="1D" parent="1C" path="-3,6;2,6;8,3;6,5;-2,6;-6,3" posX="163" posY="78" update="61"/>
    <Location id="16" parent="1D" path="-6,5;-2,7;2,7;6,6;8,3;8,0;8,-3;8,-5;6,-5;7,-4;8,-1;8,3;2,8" posX="96" posY="49" update="60"/>
    <Location id="1A" parent="16" path="-3,7;0,6;4,7" posX="88" posY="22" update="60"/>
    <Location id="2C" parent="01" path="" posX="98" posY="147" update="61"/>
</WorldMap>
