<?xml version="1.0" encoding="UTF-8" standalone="no"?>
<Map name="sec_bt01" author="unnamed" background="sam_bg" textures="sec_tex">
	<Editor>
		<Camera pos="5.026128,77.104797,78.611031" pitch="-1.720002" yaw="4.479981"/>
		<Camera pos="623.562317,65536.000000,156.272552"/>
		<Camera pos="65536.000000,212.136719,-349.817810"/>
		<Camera pos="81.679024,67.000000,65536.000000"/>
	</Editor>
	<ModelTree>
		<Node name="Root" id="24">
			<Node name="g49" id="3">
				<Node name="waku_2" id="0"/>
				<Node name="waku2" id="1"/>
				<Node name="Planar GridModel" id="2"/>
			</Node>
			<Node name="dai" id="11">
				<Node name="yuka2" id="4"/>
				<Node name="yuka1" id="5"/>
				<Node name="hkr1" id="6"/>
				<Node name="o406" id="7"/>
				<Node name="waki1_2" id="8"/>
				<Node name="g91" id="10">
					<Node name="saku" id="9"/>
					<Node name="ha2" id="A"/>
					<Node name="ha1" id="B"/>
					<Node name="hana" id="C"/>
					<Node name="hasira" id="D"/>
					<Node name="hasira" id="E"/>
					<Node name="saku" id="F"/>
				</Node>
			</Node>
			<Node name="CylinderModel" id="12"/>
			<Node name="CylinderModel" id="13"/>
			<Node name="Planar GridModel" id="14"/>
			<Node name="Planar GridModel" id="15"/>
			<Node name="Planar GridModel" id="16"/>
			<Node name="Planar GridModel" id="17"/>
			<Node name="Planar GridModel" id="18"/>
			<Node name="Planar GridModel" id="19"/>
			<Node name="Planar GridModel" id="1A"/>
			<Node name="Planar GridModel" id="1B"/>
			<Node name="Planar GridModel" id="1C"/>
			<Node name="Planar GridModel" id="1D"/>
			<Node name="Planar GridModel" id="1E"/>
			<Node name="Planar GridModel" id="1F"/>
			<Node name="Planar GridModel" id="20"/>
			<Node name="Planar GridModel" id="21"/>
			<Node name="Planar GridModel" id="22"/>
			<Node name="Planar GridModel" id="23"/>
		</Node>
	</ModelTree>
	<ColliderTree>
		<Node name="Root" id="2">
			<Node name="dai" id="1">
				<Node name="yuka" id="0"/>
			</Node>
		</Node>
	</ColliderTree>
	<ZoneTree>
		<Node name="Root" id="0"/>
	</ZoneTree>
	<MarkerTree>
		<Node name="Root" id="10">
			<Node name="Home Position 0" id="FFFFFFFF"/>
			<Node name="Home Position 1" id="0"/>
			<Node name="Home Position 2" id="1"/>
			<Node name="Home Position 3" id="2"/>
			<Node name="Home Position 4" id="3"/>
			<Node name="Home Position 5" id="4"/>
			<Node name="Home Position 6" id="5"/>
			<Node name="Home Position 7" id="6"/>
			<Node name="Home Position 8" id="7"/>
			<Node name="Home Position 9" id="8"/>
			<Node name="Home Position A" id="9"/>
			<Node name="Home Position B" id="A"/>
			<Node name="Home Position C" id="B"/>
			<Node name="Home Position D" id="C"/>
			<Node name="Home Position E" id="D"/>
			<Node name="Home Position F" id="E"/>
			<Node name="Home Position 10" id="F"/>
		</Node>
	</MarkerTree>
	<LightSets>
		<LightSet name="Lights_None" a="0">
		</LightSet>
		<LightSet name="Lights_80210D00" a="0">
		</LightSet>
	</LightSets>
	<Models>
		<Model ver="2" type="ROOT" lightset="1">
			<MapObject name="Root" id="24" dumped="true" fileOffset="4AA8"/>
			<BoundingBox empty="false" min="-259,-51,-222" max="283,178,145"/>
			<PropertyList>
			</PropertyList>
		</Model>
		<Model ver="2" type="MODEL" lightset="0">
			<MapObject name="Planar GridModel" id="23"/>
			<ShapeMesh ver="3" texture="flo_ibaratif">
				<DisplayList>
					<F3DEX2 cmd="E7000000,0"/>
					<F3DEX2 cmd="D9FDFFFF,0"/>
					<F3DEX2 cmd="D9FFFFFF,200400"/>
					<TriangleBatch ver="0">
						<VertexTable>
							<Vertex xyz="-86,4,-188" uv="-2168,1976" rgba="155,155,212,255"/>
							<Vertex xyz="37,29,-154" uv="1931,16" rgba="130,130,212,255"/>
							<Vertex xyz="-84,37,-188" uv="-2168,14" rgba="155,155,212,255"/>
							<Vertex xyz="37,29,-154" uv="1931,16" rgba="130,130,212,255"/>
							<Vertex xyz="-86,4,-188" uv="-2168,1976" rgba="155,155,212,255"/>
							<Vertex xyz="36,-2,-154" uv="1931,1978"/>
						</VertexTable>
						<TriangleList>
							<Triangle ijk="0,1,2"/>
							<Triangle ijk="3,4,5"/>
						</TriangleList>
					</TriangleBatch>
				</DisplayList>
			</ShapeMesh>
			<PropertyList>
				<Property v="5C,0,D"/>
				<Property v="5F,0,0"/>
			</PropertyList>
		</Model>
		<Model ver="2" type="MODEL" lightset="0">
			<MapObject name="Planar GridModel" id="22"/>
			<ShapeMesh ver="3" texture="flo_ibaratif">
				<DisplayList>
					<F3DEX2 cmd="E7000000,0"/>
					<F3DEX2 cmd="D9FDFFFF,0"/>
					<F3DEX2 cmd="D9FFFFFF,200400"/>
					<TriangleBatch ver="0">
						<VertexTable>
							<Vertex xyz="56,18,-191" uv="-2168,1976" rgba="130,130,212,255"/>
							<Vertex xyz="173,71,-190" uv="1931,16" rgba="55,55,112,255"/>
							<Vertex xyz="51,49,-191" uv="-2168,14" rgba="130,130,212,255"/>
							<Vertex xyz="173,71,-190" uv="1931,16" rgba="55,55,112,255"/>
							<Vertex xyz="56,18,-191" uv="-2168,1976" rgba="130,130,212,255"/>
							<Vertex xyz="178,41,-190" uv="1931,1978" rgba="55,55,112,255"/>
						</VertexTable>
						<TriangleList>
							<Triangle ijk="0,1,2"/>
							<Triangle ijk="3,4,5"/>
						</TriangleList>
					</TriangleBatch>
				</DisplayList>
			</ShapeMesh>
			<PropertyList>
				<Property v="5C,0,D"/>
				<Property v="5F,0,0"/>
			</PropertyList>
		</Model>
		<Model ver="2" type="MODEL" lightset="0">
			<MapObject name="Planar GridModel" id="21"/>
			<ShapeMesh ver="3" texture="flo_ibaratif">
				<DisplayList>
					<F3DEX2 cmd="E7000000,0"/>
					<F3DEX2 cmd="D9FDFFFF,0"/>
					<F3DEX2 cmd="D9FFFFFF,200400"/>
					<TriangleBatch ver="0">
						<VertexTable>
							<Vertex xyz="-60,-14,-191" uv="-2168,1976" rgba="155,155,212,255"/>
							<Vertex xyz="52,49,-190" uv="1931,16" rgba="130,130,212,255"/>
							<Vertex xyz="-68,18,-191" uv="-2168,14" rgba="155,155,212,255"/>
							<Vertex xyz="52,49,-190" uv="1931,16" rgba="130,130,212,255"/>
							<Vertex xyz="-60,-14,-191" uv="-2168,1976" rgba="155,155,212,255"/>
							<Vertex xyz="60,19,-190" uv="1931,1978" rgba="130,130,212,255"/>
						</VertexTable>
						<TriangleList>
							<Triangle ijk="0,1,2"/>
							<Triangle ijk="3,4,5"/>
						</TriangleList>
					</TriangleBatch>
				</DisplayList>
			</ShapeMesh>
			<PropertyList>
				<Property v="5C,0,D"/>
				<Property v="5F,0,0"/>
			</PropertyList>
		</Model>
		<Model ver="2" type="MODEL" lightset="0">
			<MapObject name="Planar GridModel" id="20"/>
			<ShapeMesh ver="3" texture="flo_ibaratif">
				<DisplayList>
					<F3DEX2 cmd="E7000000,0"/>
					<F3DEX2 cmd="D9FDFFFF,0"/>
					<F3DEX2 cmd="D9FFFFFF,200400"/>
					<TriangleBatch ver="0">
						<VertexTable>
							<Vertex xyz="-171,57,-222" uv="-2168,1976" rgba="55,55,112,255"/>
							<Vertex xyz="-53,12,-188" uv="1931,16" rgba="155,155,212,255"/>
							<Vertex xyz="-151,84,-222" uv="-2168,14" rgba="55,55,112,255"/>
							<Vertex xyz="-53,12,-188" uv="1931,16" rgba="155,155,212,255"/>
							<Vertex xyz="-171,57,-222" uv="-2168,1976" rgba="55,55,112,255"/>
							<Vertex xyz="-71,-12,-188" uv="1931,1978" rgba="155,155,212,255"/>
						</VertexTable>
						<TriangleList>
							<Triangle ijk="0,1,2"/>
							<Triangle ijk="3,4,5"/>
						</TriangleList>
					</TriangleBatch>
				</DisplayList>
			</ShapeMesh>
			<PropertyList>
				<Property v="5C,0,D"/>
				<Property v="5F,0,0"/>
			</PropertyList>
		</Model>
		<Model ver="2" type="MODEL" lightset="0">
			<MapObject name="Planar GridModel" id="1F"/>
			<ShapeMesh ver="3" texture="flo_ibaratif">
				<DisplayList>
					<F3DEX2 cmd="E7000000,0"/>
					<F3DEX2 cmd="D9FDFFFF,0"/>
					<F3DEX2 cmd="D9FFFFFF,200400"/>
					<TriangleBatch ver="0">
						<VertexTable>
							<Vertex xyz="6,1,-203" uv="-2168,1976"/>
							<Vertex xyz="132,34,-202" uv="1931,16" rgba="155,155,212,255"/>
							<Vertex xyz="6,34,-203" uv="-2168,14"/>
							<Vertex xyz="132,34,-202" uv="1931,16" rgba="155,155,212,255"/>
							<Vertex xyz="6,1,-203" uv="-2168,1976"/>
							<Vertex xyz="132,2,-202" uv="1931,1978" rgba="155,155,212,255"/>
						</VertexTable>
						<TriangleList>
							<Triangle ijk="0,1,2"/>
							<Triangle ijk="3,4,5"/>
						</TriangleList>
					</TriangleBatch>
				</DisplayList>
			</ShapeMesh>
			<PropertyList>
				<Property v="5C,0,D"/>
				<Property v="5F,0,0"/>
			</PropertyList>
		</Model>
		<Model ver="2" type="MODEL" lightset="0">
			<MapObject name="Planar GridModel" id="1E"/>
			<ShapeMesh ver="3" texture="flo_ibaratif">
				<DisplayList>
					<F3DEX2 cmd="E7000000,0"/>
					<F3DEX2 cmd="D9FDFFFF,0"/>
					<F3DEX2 cmd="D9FFFFFF,200400"/>
					<TriangleBatch ver="0">
						<VertexTable>
							<Vertex xyz="67,-37,-202" uv="-2168,1976" rgba="130,130,212,255"/>
							<Vertex xyz="139,71,-201" uv="1931,16" rgba="155,155,212,255"/>
							<Vertex xyz="45,-12,-202" uv="-2168,14"/>
							<Vertex xyz="139,71,-201" uv="1931,16" rgba="155,155,212,255"/>
							<Vertex xyz="67,-37,-202" uv="-2168,1976" rgba="130,130,212,255"/>
							<Vertex xyz="160,47,-201" uv="1931,1978" rgba="155,155,212,255"/>
						</VertexTable>
						<TriangleList>
							<Triangle ijk="0,1,2"/>
							<Triangle ijk="3,4,5"/>
						</TriangleList>
					</TriangleBatch>
				</DisplayList>
			</ShapeMesh>
			<PropertyList>
				<Property v="5C,0,D"/>
				<Property v="5F,0,0"/>
			</PropertyList>
		</Model>
		<Model ver="2" type="MODEL" lightset="0">
			<MapObject name="Planar GridModel" id="1D"/>
			<ShapeMesh ver="3" texture="flo_ibaratif">
				<DisplayList>
					<F3DEX2 cmd="E7000000,0"/>
					<F3DEX2 cmd="D9FDFFFF,0"/>
					<F3DEX2 cmd="D9FFFFFF,200400"/>
					<TriangleBatch ver="0">
						<VertexTable>
							<Vertex xyz="-119,1,-204" uv="-2168,1976" rgba="55,55,112,255"/>
							<Vertex xyz="7,34,-203" uv="1931,16"/>
							<Vertex xyz="-119,34,-204" uv="-2168,14" rgba="55,55,112,255"/>
							<Vertex xyz="7,34,-203" uv="1931,16"/>
							<Vertex xyz="-119,1,-204" uv="-2168,1976" rgba="55,55,112,255"/>
							<Vertex xyz="7,2,-203" uv="1931,1978"/>
						</VertexTable>
						<TriangleList>
							<Triangle ijk="0,1,2"/>
							<Triangle ijk="3,4,5"/>
						</TriangleList>
					</TriangleBatch>
				</DisplayList>
			</ShapeMesh>
			<PropertyList>
				<Property v="5C,0,D"/>
				<Property v="5F,0,0"/>
			</PropertyList>
		</Model>
		<Model ver="2" type="MODEL" lightset="0">
			<MapObject name="Planar GridModel" id="1C"/>
			<ShapeMesh ver="3" texture="flo_ibaratif">
				<DisplayList>
					<F3DEX2 cmd="E7000000,0"/>
					<F3DEX2 cmd="D9FDFFFF,0"/>
					<F3DEX2 cmd="D9FFFFFF,200400"/>
					<TriangleBatch ver="0">
						<VertexTable>
							<Vertex xyz="-102,-33,111" uv="-2168,1976" rgba="155,155,155,255"/>
							<Vertex xyz="21,-8,145" uv="1931,16" rgba="155,155,155,255"/>
							<Vertex xyz="-100,0,111" uv="-2168,14" rgba="155,155,155,255"/>
							<Vertex xyz="21,-8,145" uv="1931,16" rgba="155,155,155,255"/>
							<Vertex xyz="-102,-33,111" uv="-2168,1976" rgba="155,155,155,255"/>
							<Vertex xyz="20,-39,145" uv="1931,1978" rgba="155,155,155,255"/>
						</VertexTable>
						<TriangleList>
							<Triangle ijk="0,1,2"/>
							<Triangle ijk="3,4,5"/>
						</TriangleList>
					</TriangleBatch>
				</DisplayList>
			</ShapeMesh>
			<PropertyList>
				<Property v="5C,0,D"/>
				<Property v="5F,0,0"/>
			</PropertyList>
		</Model>
		<Model ver="2" type="MODEL" lightset="0">
			<MapObject name="Planar GridModel" id="1B"/>
			<ShapeMesh ver="3" texture="flo_ibaratif">
				<DisplayList>
					<F3DEX2 cmd="E7000000,0"/>
					<F3DEX2 cmd="D9FDFFFF,0"/>
					<F3DEX2 cmd="D9FFFFFF,200400"/>
					<TriangleBatch ver="0">
						<VertexTable>
							<Vertex xyz="159,3,108" uv="-2168,1976" rgba="55,55,112,255"/>
							<Vertex xyz="283,39,109" uv="1931,16" rgba="55,55,112,255"/>
							<Vertex xyz="159,34,108" uv="-2168,14" rgba="55,55,112,255"/>
							<Vertex xyz="283,39,109" uv="1931,16" rgba="55,55,112,255"/>
							<Vertex xyz="159,3,108" uv="-2168,1976" rgba="55,55,112,255"/>
							<Vertex xyz="283,8,109" uv="1931,1978" rgba="55,55,112,255"/>
						</VertexTable>
						<TriangleList>
							<Triangle ijk="0,1,2"/>
							<Triangle ijk="3,4,5"/>
						</TriangleList>
					</TriangleBatch>
				</DisplayList>
			</ShapeMesh>
			<PropertyList>
				<Property v="5C,0,D"/>
				<Property v="5F,0,0"/>
			</PropertyList>
		</Model>
		<Model ver="2" type="MODEL" lightset="0">
			<MapObject name="Planar GridModel" id="1A"/>
			<ShapeMesh ver="3" texture="flo_ibaratif">
				<DisplayList>
					<F3DEX2 cmd="E7000000,0"/>
					<F3DEX2 cmd="D9FDFFFF,0"/>
					<F3DEX2 cmd="D9FFFFFF,200400"/>
					<TriangleBatch ver="0">
						<VertexTable>
							<Vertex xyz="40,-19,108" uv="-2168,1976" rgba="155,155,155,255"/>
							<Vertex xyz="157,34,109" uv="1931,16" rgba="55,55,112,255"/>
							<Vertex xyz="35,12,108" uv="-2168,14" rgba="155,155,155,255"/>
							<Vertex xyz="157,34,109" uv="1931,16" rgba="55,55,112,255"/>
							<Vertex xyz="40,-19,108" uv="-2168,1976" rgba="155,155,155,255"/>
							<Vertex xyz="162,4,109" uv="1931,1978" rgba="55,55,112,255"/>
						</VertexTable>
						<TriangleList>
							<Triangle ijk="0,1,2"/>
							<Triangle ijk="3,4,5"/>
						</TriangleList>
					</TriangleBatch>
				</DisplayList>
			</ShapeMesh>
			<PropertyList>
				<Property v="5C,0,D"/>
				<Property v="5F,0,0"/>
			</PropertyList>
		</Model>
		<Model ver="2" type="MODEL" lightset="0">
			<MapObject name="Planar GridModel" id="19"/>
			<ShapeMesh ver="3" texture="flo_ibaratif">
				<DisplayList>
					<F3DEX2 cmd="E7000000,0"/>
					<F3DEX2 cmd="D9FDFFFF,0"/>
					<F3DEX2 cmd="D9FFFFFF,200400"/>
					<TriangleBatch ver="0">
						<VertexTable>
							<Vertex xyz="-76,-51,108" uv="-2168,1976" rgba="155,155,155,255"/>
							<Vertex xyz="36,12,109" uv="1931,16" rgba="155,155,155,255"/>
							<Vertex xyz="-84,-19,108" uv="-2168,14" rgba="155,155,155,255"/>
							<Vertex xyz="36,12,109" uv="1931,16" rgba="155,155,155,255"/>
							<Vertex xyz="-76,-51,108" uv="-2168,1976" rgba="155,155,155,255"/>
							<Vertex xyz="44,-18,109" uv="1931,1978" rgba="155,155,155,255"/>
						</VertexTable>
						<TriangleList>
							<Triangle ijk="0,1,2"/>
							<Triangle ijk="3,4,5"/>
						</TriangleList>
					</TriangleBatch>
				</DisplayList>
			</ShapeMesh>
			<PropertyList>
				<Property v="5C,0,D"/>
				<Property v="5F,0,0"/>
			</PropertyList>
		</Model>
		<Model ver="2" type="MODEL" lightset="0">
			<MapObject name="Planar GridModel" id="18"/>
			<ShapeMesh ver="3" texture="flo_ibaratif">
				<DisplayList>
					<F3DEX2 cmd="E7000000,0"/>
					<F3DEX2 cmd="D9FDFFFF,0"/>
					<F3DEX2 cmd="D9FFFFFF,200400"/>
					<TriangleBatch ver="0">
						<VertexTable>
							<Vertex xyz="-221,-2,77" uv="-2168,1976" rgba="55,55,112,255"/>
							<Vertex xyz="-95,-2,111" uv="1931,16" rgba="155,155,155,255"/>
							<Vertex xyz="-212,30,77" uv="-2168,14" rgba="55,55,112,255"/>
							<Vertex xyz="-95,-2,111" uv="1931,16" rgba="155,155,155,255"/>
							<Vertex xyz="-221,-2,77" uv="-2168,1976" rgba="55,55,112,255"/>
							<Vertex xyz="-103,-32,111" uv="1931,1978" rgba="155,155,155,255"/>
						</VertexTable>
						<TriangleList>
							<Triangle ijk="0,1,2"/>
							<Triangle ijk="3,4,5"/>
						</TriangleList>
					</TriangleBatch>
				</DisplayList>
			</ShapeMesh>
			<PropertyList>
				<Property v="5C,0,D"/>
				<Property v="5F,0,0"/>
			</PropertyList>
		</Model>
		<Model ver="2" type="MODEL" lightset="0">
			<MapObject name="Planar GridModel" id="17"/>
			<ShapeMesh ver="3" texture="flo_ibaratif">
				<DisplayList>
					<F3DEX2 cmd="E7000000,0"/>
					<F3DEX2 cmd="D9FDFFFF,0"/>
					<F3DEX2 cmd="D9FFFFFF,200400"/>
					<TriangleBatch ver="0">
						<VertexTable>
							<Vertex xyz="-10,-36,96" uv="-2168,1976" rgba="155,155,155,255"/>
							<Vertex xyz="116,-3,97" uv="1931,16" rgba="155,155,155,255"/>
							<Vertex xyz="-10,-3,96" uv="-2168,14" rgba="155,155,155,255"/>
							<Vertex xyz="116,-3,97" uv="1931,16" rgba="155,155,155,255"/>
							<Vertex xyz="-10,-36,96" uv="-2168,1976" rgba="155,155,155,255"/>
							<Vertex xyz="116,-35,97" uv="1931,1978" rgba="155,155,155,255"/>
						</VertexTable>
						<TriangleList>
							<Triangle ijk="0,1,2"/>
							<Triangle ijk="3,4,5"/>
						</TriangleList>
					</TriangleBatch>
				</DisplayList>
			</ShapeMesh>
			<PropertyList>
				<Property v="5C,0,D"/>
				<Property v="5F,0,0"/>
			</PropertyList>
		</Model>
		<Model ver="2" type="MODEL" lightset="0">
			<MapObject name="Planar GridModel" id="16"/>
			<ShapeMesh ver="3" texture="flo_ibaratif">
				<DisplayList>
					<F3DEX2 cmd="E7000000,0"/>
					<F3DEX2 cmd="D9FDFFFF,0"/>
					<F3DEX2 cmd="D9FFFFFF,200400"/>
					<TriangleBatch ver="0">
						<VertexTable>
							<Vertex xyz="114,-36,97" uv="-2168,1976" rgba="155,155,155,255"/>
							<Vertex xyz="240,-3,98" uv="1931,16" rgba="55,55,112,255"/>
							<Vertex xyz="114,-3,97" uv="-2168,14" rgba="155,155,155,255"/>
							<Vertex xyz="240,-3,98" uv="1931,16" rgba="55,55,112,255"/>
							<Vertex xyz="114,-36,97" uv="-2168,1976" rgba="155,155,155,255"/>
							<Vertex xyz="240,-35,98" uv="1931,1978" rgba="55,55,112,255"/>
						</VertexTable>
						<TriangleList>
							<Triangle ijk="0,1,2"/>
							<Triangle ijk="3,4,5"/>
						</TriangleList>
					</TriangleBatch>
				</DisplayList>
			</ShapeMesh>
			<PropertyList>
				<Property v="5C,0,D"/>
				<Property v="5F,0,0"/>
			</PropertyList>
		</Model>
		<Model ver="2" type="MODEL" lightset="0">
			<MapObject name="Planar GridModel" id="15"/>
			<ShapeMesh ver="3" texture="flo_ibaratif">
				<DisplayList>
					<F3DEX2 cmd="E7000000,0"/>
					<F3DEX2 cmd="D9FDFFFF,0"/>
					<F3DEX2 cmd="D9FFFFFF,200400"/>
					<TriangleBatch ver="0">
						<VertexTable>
							<Vertex xyz="-259,-36,94" uv="-2168,1976" rgba="55,55,112,255"/>
							<Vertex xyz="-133,-3,95" uv="1931,16" rgba="55,55,112,255"/>
							<Vertex xyz="-259,-3,94" uv="-2168,14" rgba="55,55,112,255"/>
							<Vertex xyz="-133,-3,95" uv="1931,16" rgba="55,55,112,255"/>
							<Vertex xyz="-259,-36,94" uv="-2168,1976" rgba="55,55,112,255"/>
							<Vertex xyz="-133,-35,95" uv="1931,1978" rgba="55,55,112,255"/>
						</VertexTable>
						<TriangleList>
							<Triangle ijk="0,1,2"/>
							<Triangle ijk="3,4,5"/>
						</TriangleList>
					</TriangleBatch>
				</DisplayList>
			</ShapeMesh>
			<PropertyList>
				<Property v="5C,0,D"/>
				<Property v="5F,0,0"/>
			</PropertyList>
		</Model>
		<Model ver="2" type="MODEL" lightset="0">
			<MapObject name="Planar GridModel" id="14"/>
			<ShapeMesh ver="3" texture="flo_ibaratif">
				<DisplayList>
					<F3DEX2 cmd="E7000000,0"/>
					<F3DEX2 cmd="D9FDFFFF,0"/>
					<F3DEX2 cmd="D9FFFFFF,200400"/>
					<TriangleBatch ver="0">
						<VertexTable>
							<Vertex xyz="-135,-36,95" uv="-2168,1976" rgba="55,55,112,255"/>
							<Vertex xyz="-9,-3,96" uv="1931,16" rgba="155,155,155,255"/>
							<Vertex xyz="-135,-3,95" uv="-2168,14" rgba="55,55,112,255"/>
							<Vertex xyz="-9,-35,96" uv="1931,1978" rgba="155,155,155,255"/>
						</VertexTable>
						<TriangleList>
							<Triangle ijk="0,1,2"/>
							<Triangle ijk="1,0,3"/>
						</TriangleList>
					</TriangleBatch>
				</DisplayList>
			</ShapeMesh>
			<PropertyList>
				<Property v="5C,0,D"/>
				<Property v="5F,0,0"/>
			</PropertyList>
		</Model>
		<Model ver="2" type="MODEL" lightset="0">
			<MapObject name="CylinderModel" id="13"/>
			<ShapeMesh ver="3" texture="kkj_kkj_poletif">
				<DisplayList>
					<F3DEX2 cmd="E7000000,0"/>
					<F3DEX2 cmd="D9FDFFFF,0"/>
					<F3DEX2 cmd="D9FFFFFF,200400"/>
					<TriangleBatch ver="0">
						<VertexTable>
							<Vertex xyz="-144,-22,-109" uv="-1365,7236" rgba="55,55,112,255"/>
							<Vertex xyz="-144,178,-109" uv="1835,-5043" rgba="55,55,112,255"/>
							<Vertex xyz="-151,-22,-111" uv="-1365,7517" rgba="55,55,112,255"/>
							<Vertex xyz="-151,-22,-111" uv="-1365,7517" rgba="55,55,112,255"/>
							<Vertex xyz="-144,178,-109" uv="1835,-5043" rgba="55,55,112,255"/>
							<Vertex xyz="-151,178,-111" uv="1835,-4903" rgba="55,55,112,255"/>
							<Vertex xyz="-151,-22,-111" uv="-1365,7517" rgba="55,55,112,255"/>
							<Vertex xyz="-151,178,-111" uv="1835,-4903" rgba="55,55,112,255"/>
							<Vertex xyz="-156,-22,-118" uv="-1365,7818" rgba="55,55,112,255"/>
							<Vertex xyz="-156,-22,-118" uv="-1365,7818" rgba="55,55,112,255"/>
							<Vertex xyz="-151,178,-111" uv="1835,-4903" rgba="55,55,112,255"/>
							<Vertex xyz="-156,178,-118" uv="1835,-4752" rgba="55,55,112,255"/>
							<Vertex xyz="-156,-22,-118" uv="-1365,7818" rgba="55,55,112,255"/>
							<Vertex xyz="-156,178,-118" uv="1835,-4752" rgba="55,55,112,255"/>
							<Vertex xyz="-157,-22,-127" uv="-1365,8100" rgba="55,55,112,255"/>
							<Vertex xyz="-157,-22,-127" uv="-1365,8100" rgba="55,55,112,255"/>
							<Vertex xyz="-156,178,-118" uv="1835,-4752" rgba="55,55,112,255"/>
							<Vertex xyz="-157,178,-127" uv="1835,-4611" rgba="55,55,112,255"/>
							<Vertex xyz="-157,-22,-127" uv="-1365,8100" rgba="55,55,112,255"/>
							<Vertex xyz="-157,178,-127" uv="1835,-4611" rgba="55,55,112,255"/>
							<Vertex xyz="-156,-22,-136" uv="-1365,8381" rgba="55,55,112,255"/>
							<Vertex xyz="-156,-22,-136" uv="-1365,8381" rgba="55,55,112,255"/>
							<Vertex xyz="-157,178,-127" uv="1835,-4611" rgba="55,55,112,255"/>
							<Vertex xyz="-156,178,-136" uv="1835,-4470" rgba="55,55,112,255"/>
							<Vertex xyz="-156,-22,-136" uv="-1365,8381" rgba="55,55,112,255"/>
							<Vertex xyz="-156,178,-136" uv="1835,-4470" rgba="55,55,112,255"/>
							<Vertex xyz="-151,-22,-143" uv="-1364,8682" rgba="55,55,112,255"/>
							<Vertex xyz="-151,-22,-143" uv="-1364,8682" rgba="55,55,112,255"/>
							<Vertex xyz="-156,178,-136" uv="1835,-4470" rgba="55,55,112,255"/>
							<Vertex xyz="-151,178,-143" uv="1835,-4320" rgba="55,55,112,255"/>
							<Vertex xyz="-151,-22,-143" uv="-1364,8682" rgba="55,55,112,255"/>
							<Vertex xyz="-151,178,-143" uv="1835,-4320" rgba="55,55,112,255"/>
							<Vertex xyz="-144,-22,-145" uv="-1364,8964" rgba="55,55,112,255"/>
							<Vertex xyz="-144,-22,-145" uv="-1364,8964" rgba="55,55,112,255"/>
							<Vertex xyz="-151,178,-143" uv="1835,-4320" rgba="55,55,112,255"/>
							<Vertex xyz="-144,178,-145" uv="1835,-4179" rgba="55,55,112,255"/>
							<Vertex xyz="-144,-22,-145" uv="-1364,8964" rgba="55,55,112,255"/>
							<Vertex xyz="-144,178,-145" uv="1835,-4179" rgba="55,55,112,255"/>
							<Vertex xyz="-138,-22,-143" uv="-1365,5790" rgba="55,55,112,255"/>
							<Vertex xyz="-138,-22,-143" uv="-1365,5790" rgba="55,55,112,255"/>
							<Vertex xyz="-144,178,-145" uv="1835,-4179" rgba="55,55,112,255"/>
							<Vertex xyz="-138,178,-143" uv="1834,-5766" rgba="55,55,112,255"/>
							<Vertex xyz="-138,-22,-143" uv="-1365,5790" rgba="55,55,112,255"/>
							<Vertex xyz="-138,178,-143" uv="1834,-5766" rgba="55,55,112,255"/>
							<Vertex xyz="-133,-22,-136" uv="-1365,6090" rgba="55,55,112,255"/>
							<Vertex xyz="-133,-22,-136" uv="-1365,6090" rgba="55,55,112,255"/>
							<Vertex xyz="-138,178,-143" uv="1834,-5766" rgba="55,55,112,255"/>
							<Vertex xyz="-133,178,-136" uv="1834,-5616" rgba="55,55,112,255"/>
							<Vertex xyz="-133,-22,-136" uv="-1365,6090" rgba="55,55,112,255"/>
							<Vertex xyz="-133,178,-136" uv="1834,-5616" rgba="55,55,112,255"/>
							<Vertex xyz="-132,-22,-127" uv="-1365,6372" rgba="55,55,112,255"/>
							<Vertex xyz="-132,-22,-127" uv="-1365,6372" rgba="55,55,112,255"/>
							<Vertex xyz="-133,178,-136" uv="1834,-5616" rgba="55,55,112,255"/>
							<Vertex xyz="-132,178,-127" uv="1835,-5475" rgba="55,55,112,255"/>
							<Vertex xyz="-132,-22,-127" uv="-1365,6372" rgba="55,55,112,255"/>
							<Vertex xyz="-132,178,-127" uv="1835,-5475" rgba="55,55,112,255"/>
							<Vertex xyz="-133,-22,-118" uv="-1365,6654" rgba="55,55,112,255"/>
							<Vertex xyz="-133,-22,-118" uv="-1365,6654" rgba="55,55,112,255"/>
							<Vertex xyz="-132,178,-127" uv="1835,-5475" rgba="55,55,112,255"/>
							<Vertex xyz="-133,178,-118" uv="1835,-5334" rgba="55,55,112,255"/>
							<Vertex xyz="-133,-22,-118" uv="-1365,6654" rgba="55,55,112,255"/>
							<Vertex xyz="-133,178,-118" uv="1835,-5334" rgba="55,55,112,255"/>
							<Vertex xyz="-138,-22,-111" uv="-1365,6955" rgba="55,55,112,255"/>
							<Vertex xyz="-138,-22,-111" uv="-1365,6955" rgba="55,55,112,255"/>
							<Vertex xyz="-133,178,-118" uv="1835,-5334" rgba="55,55,112,255"/>
							<Vertex xyz="-138,178,-111" uv="1835,-5184" rgba="55,55,112,255"/>
							<Vertex xyz="-138,-22,-111" uv="-1365,6955" rgba="55,55,112,255"/>
							<Vertex xyz="-138,178,-111" uv="1835,-5184" rgba="55,55,112,255"/>
							<Vertex xyz="-144,-22,-109" uv="-1365,7236" rgba="55,55,112,255"/>
							<Vertex xyz="-144,-22,-109" uv="-1365,7236" rgba="55,55,112,255"/>
							<Vertex xyz="-138,178,-111" uv="1835,-5184" rgba="55,55,112,255"/>
							<Vertex xyz="-144,178,-109" uv="1835,-5043" rgba="55,55,112,255"/>
						</VertexTable>
						<TriangleList>
							<Triangle ijk="0,1,2"/>
							<Triangle ijk="3,4,5"/>
							<Triangle ijk="6,7,8"/>
							<Triangle ijk="9,10,11"/>
							<Triangle ijk="12,13,14"/>
							<Triangle ijk="15,16,17"/>
							<Triangle ijk="18,19,20"/>
							<Triangle ijk="21,22,23"/>
							<Triangle ijk="24,25,26"/>
							<Triangle ijk="27,28,29"/>
							<Triangle ijk="30,31,32"/>
							<Triangle ijk="33,34,35"/>
							<Triangle ijk="36,37,38"/>
							<Triangle ijk="39,40,41"/>
							<Triangle ijk="42,43,44"/>
							<Triangle ijk="45,46,47"/>
							<Triangle ijk="48,49,50"/>
							<Triangle ijk="51,52,53"/>
							<Triangle ijk="54,55,56"/>
							<Triangle ijk="57,58,59"/>
							<Triangle ijk="60,61,62"/>
							<Triangle ijk="63,64,65"/>
							<Triangle ijk="66,67,68"/>
							<Triangle ijk="69,70,71"/>
						</TriangleList>
					</TriangleBatch>
				</DisplayList>
			</ShapeMesh>
			<PropertyList>
				<Property v="5C,0,1"/>
				<Property v="5F,0,0"/>
			</PropertyList>
		</Model>
		<Model ver="2" type="MODEL" lightset="0">
			<MapObject name="CylinderModel" id="12"/>
			<ShapeMesh ver="3" texture="kkj_kkj_poletif">
				<DisplayList>
					<F3DEX2 cmd="E7000000,0"/>
					<F3DEX2 cmd="D9FDFFFF,0"/>
					<F3DEX2 cmd="D9FFFFFF,200400"/>
					<TriangleBatch ver="0">
						<VertexTable>
							<Vertex xyz="143,-22,-109" uv="-1365,7236" rgba="55,55,112,255"/>
							<Vertex xyz="143,178,-109" uv="1835,-5043" rgba="55,55,112,255"/>
							<Vertex xyz="136,-22,-111" uv="-1365,7517" rgba="55,55,112,255"/>
							<Vertex xyz="136,178,-111" uv="1835,-4903" rgba="55,55,112,255"/>
							<Vertex xyz="131,-22,-118" uv="-1365,7818" rgba="55,55,112,255"/>
							<Vertex xyz="131,178,-118" uv="1835,-4752" rgba="55,55,112,255"/>
							<Vertex xyz="130,-22,-127" uv="-1365,8100" rgba="55,55,112,255"/>
							<Vertex xyz="130,178,-127" uv="1835,-4611" rgba="55,55,112,255"/>
							<Vertex xyz="131,-22,-136" uv="-1365,8381" rgba="55,55,112,255"/>
							<Vertex xyz="131,178,-136" uv="1835,-4470" rgba="55,55,112,255"/>
							<Vertex xyz="136,-22,-143" uv="-1364,8682" rgba="55,55,112,255"/>
							<Vertex xyz="136,178,-143" uv="1835,-4320" rgba="55,55,112,255"/>
							<Vertex xyz="143,-22,-145" uv="-1364,8964" rgba="55,55,112,255"/>
							<Vertex xyz="143,178,-145" uv="1835,-4179" rgba="55,55,112,255"/>
							<Vertex xyz="149,-22,-143" uv="-1365,5790" rgba="55,55,112,255"/>
							<Vertex xyz="149,178,-143" uv="1834,-5766" rgba="55,55,112,255"/>
							<Vertex xyz="154,-22,-136" uv="-1365,6090" rgba="55,55,112,255"/>
							<Vertex xyz="154,178,-136" uv="1834,-5616" rgba="55,55,112,255"/>
							<Vertex xyz="155,-22,-127" uv="-1365,6372" rgba="55,55,112,255"/>
							<Vertex xyz="155,178,-127" uv="1835,-5475" rgba="55,55,112,255"/>
							<Vertex xyz="154,-22,-118" uv="-1365,6654" rgba="55,55,112,255"/>
							<Vertex xyz="154,178,-118" uv="1835,-5334" rgba="55,55,112,255"/>
							<Vertex xyz="149,-22,-111" uv="-1365,6955" rgba="55,55,112,255"/>
							<Vertex xyz="149,178,-111" uv="1835,-5184" rgba="55,55,112,255"/>
							<Vertex xyz="143,-22,-109" uv="-1365,7236" rgba="55,55,112,255"/>
							<Vertex xyz="143,178,-109" uv="1835,-5043" rgba="55,55,112,255"/>
						</VertexTable>
						<TriangleList>
							<Triangle ijk="0,1,2"/>
							<Triangle ijk="2,1,3"/>
							<Triangle ijk="2,3,4"/>
							<Triangle ijk="4,3,5"/>
							<Triangle ijk="4,5,6"/>
							<Triangle ijk="6,5,7"/>
							<Triangle ijk="6,7,8"/>
							<Triangle ijk="8,7,9"/>
							<Triangle ijk="8,9,10"/>
							<Triangle ijk="10,9,11"/>
							<Triangle ijk="10,11,12"/>
							<Triangle ijk="12,11,13"/>
							<Triangle ijk="12,13,14"/>
							<Triangle ijk="14,13,15"/>
							<Triangle ijk="14,15,16"/>
							<Triangle ijk="16,15,17"/>
							<Triangle ijk="16,17,18"/>
							<Triangle ijk="18,17,19"/>
							<Triangle ijk="18,19,20"/>
							<Triangle ijk="20,19,21"/>
							<Triangle ijk="20,21,22"/>
							<Triangle ijk="22,21,23"/>
							<Triangle ijk="22,23,24"/>
							<Triangle ijk="24,23,25"/>
						</TriangleList>
					</TriangleBatch>
				</DisplayList>
			</ShapeMesh>
			<PropertyList>
				<Property v="5C,0,1"/>
				<Property v="5F,0,0"/>
			</PropertyList>
		</Model>
		<Model ver="2" type="GROUP" lightset="0">
			<MapObject name="dai" id="11" dumped="true" fileOffset="4A28"/>
			<BoundingBox empty="false" min="-206,-40,-188" max="205,141,88"/>
			<PropertyList>
			</PropertyList>
		</Model>
		<Model ver="2" type="GROUP" lightset="0">
			<MapObject name="g91" id="10" dumped="true" fileOffset="498C"/>
			<BoundingBox empty="false" min="-201,-10,-153" max="193,141,84"/>
			<PropertyList>
				<Property v="60,0,0"/>
				<Property v="60,0,1"/>
			</PropertyList>
		</Model>
		<Model ver="2" type="MODEL" lightset="0">
			<MapObject name="saku" id="F"/>
			<ShapeMesh ver="3" texture="kkj_floor_btif">
				<DisplayList>
					<F3DEX2 cmd="E7000000,0"/>
					<F3DEX2 cmd="D9FDFFFF,0"/>
					<F3DEX2 cmd="D9FFFFFF,200400"/>
					<TriangleBatch ver="0">
						<VertexTable>
							<Vertex xyz="-90,21,-153" uv="0,1024" rgba="84,84,173,255"/>
							<Vertex xyz="-90,21,-132" uv="0,1024" rgba="84,84,173,255"/>
							<Vertex xyz="82,21,-132" uv="7314,1024" rgba="84,84,173,255"/>
							<Vertex xyz="-90,21,-153" uv="0,1024" rgba="84,84,173,255"/>
							<Vertex xyz="82,21,-132" uv="7314,1024" rgba="84,84,173,255"/>
							<Vertex xyz="82,21,-153" uv="7314,1024" rgba="84,84,173,255"/>
							<Vertex xyz="-90,2,-132" rgba="57,57,152,255"/>
							<Vertex xyz="82,2,-132" uv="7314,0" rgba="57,57,152,255"/>
							<Vertex xyz="82,21,-132" uv="7314,1024" rgba="84,84,173,255"/>
							<Vertex xyz="-90,2,-132" rgba="57,57,152,255"/>
							<Vertex xyz="82,21,-132" uv="7314,1024" rgba="84,84,173,255"/>
							<Vertex xyz="-90,21,-132" uv="0,1024" rgba="84,84,173,255"/>
							<Vertex xyz="82,21,-153" uv="0,1024" rgba="84,84,173,255"/>
							<Vertex xyz="82,21,-132" uv="0,1024" rgba="84,84,173,255"/>
							<Vertex xyz="193,21,-132" uv="7314,1024" rgba="84,84,173,255"/>
							<Vertex xyz="82,21,-153" uv="0,1024" rgba="84,84,173,255"/>
							<Vertex xyz="193,21,-132" uv="7314,1024" rgba="84,84,173,255"/>
							<Vertex xyz="193,21,-153" uv="7314,1024" rgba="84,84,173,255"/>
							<Vertex xyz="82,2,-132" rgba="57,57,152,255"/>
							<Vertex xyz="193,2,-132" uv="7314,0" rgba="57,57,152,255"/>
							<Vertex xyz="193,21,-132" uv="7314,1024" rgba="84,84,173,255"/>
							<Vertex xyz="82,2,-132" rgba="57,57,152,255"/>
							<Vertex xyz="193,21,-132" uv="7314,1024" rgba="84,84,173,255"/>
							<Vertex xyz="82,21,-132" uv="0,1024" rgba="84,84,173,255"/>
							<Vertex xyz="193,21,-153" uv="7314,1024" rgba="84,84,173,255"/>
							<Vertex xyz="193,21,-132" uv="7314,1024" rgba="84,84,173,255"/>
							<Vertex xyz="193,2,-132" uv="7314,0" rgba="84,84,173,255"/>
							<Vertex xyz="193,21,-153" uv="7314,1024" rgba="84,84,173,255"/>
							<Vertex xyz="193,2,-132" uv="7314,0" rgba="84,84,173,255"/>
							<Vertex xyz="193,2,-153" uv="7314,0" rgba="84,84,173,255"/>
							<Vertex xyz="-191,2,-132" rgba="57,57,152,255"/>
							<Vertex xyz="-90,2,-132" uv="7314,0" rgba="57,57,152,255"/>
							<Vertex xyz="-90,21,-132" uv="7314,1024" rgba="84,84,173,255"/>
							<Vertex xyz="-191,2,-132" rgba="57,57,152,255"/>
							<Vertex xyz="-90,21,-132" uv="7314,1024" rgba="84,84,173,255"/>
							<Vertex xyz="-191,21,-132" uv="0,1024" rgba="84,84,173,255"/>
							<Vertex xyz="-191,21,-153" uv="0,1024" rgba="84,84,173,255"/>
							<Vertex xyz="-191,21,-132" uv="0,1024" rgba="84,84,173,255"/>
							<Vertex xyz="-90,21,-132" uv="7314,1024" rgba="84,84,173,255"/>
							<Vertex xyz="-191,21,-153" uv="0,1024" rgba="84,84,173,255"/>
							<Vertex xyz="-90,21,-132" uv="7314,1024" rgba="84,84,173,255"/>
							<Vertex xyz="-90,21,-153" uv="7314,1024" rgba="84,84,173,255"/>
							<Vertex xyz="-191,2,-153" rgba="84,84,173,255"/>
							<Vertex xyz="-191,2,-132" rgba="84,84,173,255"/>
							<Vertex xyz="-191,21,-132" uv="0,1024" rgba="84,84,173,255"/>
							<Vertex xyz="-191,2,-153" rgba="84,84,173,255"/>
							<Vertex xyz="-191,21,-132" uv="0,1024" rgba="84,84,173,255"/>
							<Vertex xyz="-191,21,-153" uv="0,1024" rgba="84,84,173,255"/>
						</VertexTable>
						<TriangleList>
							<Triangle ijk="0,1,2"/>
							<Triangle ijk="3,4,5"/>
							<Triangle ijk="6,7,8"/>
							<Triangle ijk="9,10,11"/>
							<Triangle ijk="12,13,14"/>
							<Triangle ijk="15,16,17"/>
							<Triangle ijk="18,19,20"/>
							<Triangle ijk="21,22,23"/>
							<Triangle ijk="24,25,26"/>
							<Triangle ijk="27,28,29"/>
							<Triangle ijk="30,31,32"/>
							<Triangle ijk="33,34,35"/>
							<Triangle ijk="36,37,38"/>
							<Triangle ijk="39,40,41"/>
							<Triangle ijk="42,43,44"/>
							<Triangle ijk="45,46,47"/>
						</TriangleList>
					</TriangleBatch>
				</DisplayList>
			</ShapeMesh>
			<PropertyList>
				<Property v="5C,0,1"/>
				<Property v="5F,0,0"/>
			</PropertyList>
		</Model>
		<Model ver="2" type="MODEL" lightset="0">
			<MapObject name="hasira" id="E"/>
			<ShapeMesh ver="3" texture="kkj_kkj_poletif">
				<DisplayList>
					<F3DEX2 cmd="E7000000,0"/>
					<F3DEX2 cmd="D9FDFFFF,0"/>
					<F3DEX2 cmd="D9FFFFFF,200400"/>
					<TriangleBatch ver="0">
						<VertexTable>
						</VertexTable>
						<TriangleList>
						</TriangleList>
					</TriangleBatch>
				</DisplayList>
			</ShapeMesh>
			<PropertyList>
				<Property v="5C,0,1"/>
				<Property v="5F,0,0"/>
			</PropertyList>
		</Model>
		<Model ver="2" type="MODEL" lightset="0">
			<MapObject name="hasira" id="D" dumped="true" fileOffset="48E8"/>
			<ShapeMesh ver="3" texture="kkj_kkj_poletif">
				<DisplayList>
					<F3DEX2 cmd="E7000000,0"/>
					<F3DEX2 cmd="D9FDFFFF,0"/>
					<F3DEX2 cmd="D9FFFFFF,200400"/>
					<TriangleBatch ver="0">
						<VertexTable>
							<Vertex xyz="-166,4,62" uv="501,1645" rgba="103,103,210,255"/>
							<Vertex xyz="-166,141,62" uv="510,7668" rgba="49,49,184,255"/>
							<Vertex xyz="-173,141,73" uv="483,7891" rgba="30,30,112,255"/>
							<Vertex xyz="-173,4,73" uv="322,1867" rgba="74,74,152,255"/>
							<Vertex xyz="-185,141,72" uv="480,8294" rgba="30,30,112,255"/>
							<Vertex xyz="-185,4,72" uv="172,2271" rgba="74,74,152,255"/>
							<Vertex xyz="-185,4,72" uv="1196,2271" rgba="74,74,152,255"/>
							<Vertex xyz="-185,141,72" uv="1504,8294" rgba="30,30,112,255"/>
							<Vertex xyz="-191,141,62" uv="515,8475" rgba="49,49,184,255"/>
							<Vertex xyz="-191,4,62" uv="1013,2451" rgba="103,103,210,255"/>
							<Vertex xyz="193,4,62" uv="501,1645" rgba="103,103,210,255"/>
							<Vertex xyz="193,141,62" uv="510,7668" rgba="49,49,184,255"/>
							<Vertex xyz="186,141,73" uv="483,7891" rgba="30,30,112,255"/>
							<Vertex xyz="186,4,73" uv="322,1867" rgba="74,74,152,255"/>
							<Vertex xyz="174,141,72" uv="480,8294" rgba="30,30,112,255"/>
							<Vertex xyz="174,4,72" uv="172,2271" rgba="74,74,152,255"/>
							<Vertex xyz="174,4,72" uv="1196,2271" rgba="74,74,152,255"/>
							<Vertex xyz="174,141,72" uv="1504,8294" rgba="30,30,112,255"/>
							<Vertex xyz="168,141,62" uv="515,8475" rgba="49,49,184,255"/>
							<Vertex xyz="168,4,62" uv="1013,2451" rgba="103,103,210,255"/>
						</VertexTable>
						<TriangleList>
							<Triangle ijk="0,1,2"/>
							<Triangle ijk="0,2,3"/>
							<Triangle ijk="3,2,4"/>
							<Triangle ijk="3,4,5"/>
							<Triangle ijk="6,7,8"/>
							<Triangle ijk="6,8,9"/>
							<Triangle ijk="10,11,12"/>
							<Triangle ijk="10,12,13"/>
							<Triangle ijk="13,12,14"/>
							<Triangle ijk="13,14,15"/>
							<Triangle ijk="16,17,18"/>
							<Triangle ijk="16,18,19"/>
						</TriangleList>
					</TriangleBatch>
				</DisplayList>
			</ShapeMesh>
			<PropertyList>
				<Property v="5C,0,1"/>
				<Property v="5F,0,0"/>
			</PropertyList>
		</Model>
		<Model ver="2" type="MODEL" lightset="0">
			<MapObject name="hana" id="C" dumped="true" fileOffset="4860"/>
			<ShapeMesh ver="3" texture="hos_h_ha6tif">
				<DisplayList>
					<F3DEX2 cmd="E7000000,0"/>
					<F3DEX2 cmd="D9FDFFFF,0"/>
					<F3DEX2 cmd="D9FFFFFF,200400"/>
					<TriangleBatch ver="0">
						<VertexTable>
							<Vertex xyz="80,9,75" rgba="204,154,120,255"/>
							<Vertex xyz="103,9,75" uv="2048,0" rgba="204,154,120,255"/>
							<Vertex xyz="103,21,63" uv="2048,1024" rgba="204,154,120,255"/>
							<Vertex xyz="80,21,63" uv="0,1024" rgba="204,154,120,255"/>
							<Vertex xyz="-89,21,63" uv="0,1024" rgba="180,180,111,255"/>
							<Vertex xyz="-112,21,63" uv="2048,1024" rgba="180,180,111,255"/>
							<Vertex xyz="-112,9,75" uv="2048,0" rgba="180,180,111,255"/>
							<Vertex xyz="-89,9,75" rgba="180,180,111,255"/>
							<Vertex xyz="65,21,63" uv="0,1024" rgba="180,180,111,255"/>
							<Vertex xyz="42,21,63" uv="2048,1024" rgba="180,180,111,255"/>
							<Vertex xyz="42,9,75" uv="2048,0" rgba="180,180,111,255"/>
							<Vertex xyz="65,9,75" rgba="180,180,111,255"/>
							<Vertex xyz="3,9,75" rgba="204,154,120,255"/>
							<Vertex xyz="26,9,75" uv="2048,0" rgba="204,154,120,255"/>
							<Vertex xyz="26,21,63" uv="2048,1024" rgba="204,154,120,255"/>
							<Vertex xyz="3,21,63" uv="0,1024" rgba="204,154,120,255"/>
							<Vertex xyz="-13,21,63" uv="0,1024" rgba="180,180,111,255"/>
							<Vertex xyz="-35,21,63" uv="2048,1024" rgba="180,180,111,255"/>
							<Vertex xyz="-35,9,75" uv="2048,0" rgba="180,180,111,255"/>
							<Vertex xyz="-13,9,75" rgba="180,180,111,255"/>
							<Vertex xyz="-73,9,75" rgba="204,154,120,255"/>
							<Vertex xyz="-50,9,75" uv="2048,0" rgba="204,154,120,255"/>
							<Vertex xyz="-50,21,63" uv="2048,1024" rgba="204,154,120,255"/>
							<Vertex xyz="-73,21,63" uv="0,1024" rgba="204,154,120,255"/>
						</VertexTable>
						<TriangleList>
							<Triangle ijk="0,1,2"/>
							<Triangle ijk="0,2,3"/>
							<Triangle ijk="4,5,6"/>
							<Triangle ijk="4,6,7"/>
							<Triangle ijk="8,9,10"/>
							<Triangle ijk="8,10,11"/>
							<Triangle ijk="12,13,14"/>
							<Triangle ijk="12,14,15"/>
							<Triangle ijk="16,17,18"/>
							<Triangle ijk="16,18,19"/>
							<Triangle ijk="20,21,22"/>
							<Triangle ijk="20,22,23"/>
						</TriangleList>
					</TriangleBatch>
				</DisplayList>
			</ShapeMesh>
			<PropertyList>
				<Property v="5C,0,D"/>
				<Property v="5F,0,0"/>
			</PropertyList>
		</Model>
		<Model ver="2" type="MODEL" lightset="0">
			<MapObject name="ha1" id="B" dumped="true" fileOffset="47D8"/>
			<ShapeMesh ver="3" texture="hos_h_kusa02tif">
				<DisplayList>
					<F3DEX2 cmd="E7000000,0"/>
					<F3DEX2 cmd="D9FDFFFF,0"/>
					<F3DEX2 cmd="D9FFFFFF,200400"/>
					<TriangleBatch ver="0">
						<VertexTable>
							<Vertex xyz="58,9,81" rgba="70,70,144,255"/>
							<Vertex xyz="88,9,81" uv="2048,0" rgba="70,70,144,255"/>
							<Vertex xyz="88,21,69" uv="2048,1024" rgba="70,70,144,255"/>
							<Vertex xyz="58,21,69" uv="0,1024" rgba="70,70,144,255"/>
							<Vertex xyz="-97,9,81" rgba="70,70,144,255"/>
							<Vertex xyz="-68,9,81" uv="2048,0" rgba="70,70,144,255"/>
							<Vertex xyz="-68,21,69" uv="2048,1024" rgba="70,70,144,255"/>
							<Vertex xyz="-97,21,69" uv="0,1024" rgba="70,70,144,255"/>
							<Vertex xyz="20,9,81" rgba="70,70,144,255"/>
							<Vertex xyz="49,9,81" uv="2048,0" rgba="70,70,144,255"/>
							<Vertex xyz="49,21,69" uv="2048,1024" rgba="70,70,144,255"/>
							<Vertex xyz="20,21,69" uv="0,1024" rgba="70,70,144,255"/>
							<Vertex xyz="11,21,69" uv="0,1024" rgba="70,70,144,255"/>
							<Vertex xyz="-19,21,69" uv="2048,1024" rgba="70,70,144,255"/>
							<Vertex xyz="-19,9,81" uv="2048,0" rgba="70,70,144,255"/>
							<Vertex xyz="11,9,81" rgba="70,70,144,255"/>
							<Vertex xyz="-58,9,81" rgba="70,70,144,255"/>
							<Vertex xyz="-29,9,81" uv="2048,0" rgba="70,70,144,255"/>
							<Vertex xyz="-29,21,69" uv="2048,1024" rgba="70,70,144,255"/>
							<Vertex xyz="-58,21,69" uv="0,1024" rgba="70,70,144,255"/>
						</VertexTable>
						<TriangleList>
							<Triangle ijk="0,1,2"/>
							<Triangle ijk="0,2,3"/>
							<Triangle ijk="4,5,6"/>
							<Triangle ijk="4,6,7"/>
							<Triangle ijk="8,9,10"/>
							<Triangle ijk="8,10,11"/>
							<Triangle ijk="12,13,14"/>
							<Triangle ijk="12,14,15"/>
							<Triangle ijk="16,17,18"/>
							<Triangle ijk="16,18,19"/>
						</TriangleList>
					</TriangleBatch>
				</DisplayList>
			</ShapeMesh>
			<PropertyList>
				<Property v="5C,0,D"/>
				<Property v="5F,0,0"/>
			</PropertyList>
		</Model>
		<Model ver="2" type="MODEL" lightset="0">
			<MapObject name="ha2" id="A" dumped="true" fileOffset="4750"/>
			<ShapeMesh ver="3" texture="hos_h_ha6tif">
				<DisplayList>
					<F3DEX2 cmd="E7000000,0"/>
					<F3DEX2 cmd="D9FDFFFF,0"/>
					<F3DEX2 cmd="D9FFFFFF,200400"/>
					<TriangleBatch ver="0">
						<VertexTable>
							<Vertex xyz="65,21,83" uv="0,1024" rgba="84,84,173,255"/>
							<Vertex xyz="22,21,83" uv="2048,1024" rgba="84,84,173,255"/>
							<Vertex xyz="22,-2,84" uv="2048,0" rgba="84,84,173,255"/>
							<Vertex xyz="65,-2,84" rgba="84,84,173,255"/>
							<Vertex xyz="91,15,81" uv="0,1024" rgba="84,84,173,255"/>
							<Vertex xyz="48,15,81" uv="2048,1024" rgba="84,84,173,255"/>
							<Vertex xyz="48,4,81" uv="2048,0" rgba="84,84,173,255"/>
							<Vertex xyz="91,4,81" rgba="84,84,173,255"/>
							<Vertex xyz="-4,4,81" rgba="84,84,173,255"/>
							<Vertex xyz="39,4,81" uv="2048,0" rgba="84,84,173,255"/>
							<Vertex xyz="39,15,81" uv="2048,1024" rgba="84,84,173,255"/>
							<Vertex xyz="-4,15,81" uv="0,1024" rgba="84,84,173,255"/>
							<Vertex xyz="-24,21,83" uv="0,1024" rgba="84,84,173,255"/>
							<Vertex xyz="-66,21,83" uv="2048,1024" rgba="84,84,173,255"/>
							<Vertex xyz="-66,-2,84" uv="2048,0" rgba="84,84,173,255"/>
							<Vertex xyz="-24,-2,84" rgba="84,84,173,255"/>
							<Vertex xyz="2,15,81" uv="0,1024" rgba="84,84,173,255"/>
							<Vertex xyz="-40,15,81" uv="2048,1024" rgba="84,84,173,255"/>
							<Vertex xyz="-40,4,81" uv="2048,0" rgba="84,84,173,255"/>
							<Vertex xyz="2,4,81" rgba="84,84,173,255"/>
							<Vertex xyz="-92,4,81" rgba="84,84,173,255"/>
							<Vertex xyz="-50,4,81" uv="2048,0" rgba="84,84,173,255"/>
							<Vertex xyz="-50,15,81" uv="2048,1024" rgba="84,84,173,255"/>
							<Vertex xyz="-92,15,81" uv="0,1024" rgba="84,84,173,255"/>
							<Vertex xyz="62,4,80" rgba="84,84,173,255"/>
							<Vertex xyz="105,4,80" uv="2048,0" rgba="84,84,173,255"/>
							<Vertex xyz="105,15,79" uv="2048,1024" rgba="84,84,173,255"/>
							<Vertex xyz="62,15,79" uv="0,1024" rgba="84,84,173,255"/>
							<Vertex xyz="-158,15,79" uv="0,1024" rgba="84,84,173,255"/>
							<Vertex xyz="-201,15,79" uv="2048,1024" rgba="84,84,173,255"/>
							<Vertex xyz="-201,4,80" uv="2048,0" rgba="84,84,173,255"/>
							<Vertex xyz="-158,4,80" rgba="84,84,173,255"/>
							<Vertex xyz="-96,21,82" uv="0,1024" rgba="84,84,173,255"/>
							<Vertex xyz="-139,21,82" uv="2048,1024" rgba="84,84,173,255"/>
							<Vertex xyz="-139,-2,83" uv="2048,0" rgba="84,84,173,255"/>
							<Vertex xyz="-96,-2,83" rgba="84,84,173,255"/>
							<Vertex xyz="-70,15,79" uv="0,1024" rgba="84,84,173,255"/>
							<Vertex xyz="-113,15,79" uv="2048,1024" rgba="84,84,173,255"/>
							<Vertex xyz="-113,4,80" uv="2048,0" rgba="84,84,173,255"/>
							<Vertex xyz="-70,4,80" rgba="84,84,173,255"/>
							<Vertex xyz="-165,4,80" rgba="84,84,173,255"/>
							<Vertex xyz="-122,4,80" uv="2048,0" rgba="84,84,173,255"/>
							<Vertex xyz="-122,15,79" uv="2048,1024" rgba="84,84,173,255"/>
							<Vertex xyz="-165,15,79" uv="0,1024" rgba="84,84,173,255"/>
							<Vertex xyz="151,4,80" rgba="84,84,173,255"/>
							<Vertex xyz="193,4,80" uv="2048,0" rgba="84,84,173,255"/>
							<Vertex xyz="193,15,79" uv="2048,1024" rgba="84,84,173,255"/>
							<Vertex xyz="151,15,79" uv="0,1024" rgba="84,84,173,255"/>
							<Vertex xyz="131,21,82" uv="0,1024" rgba="84,84,173,255"/>
							<Vertex xyz="88,21,82" uv="2048,1024" rgba="84,84,173,255"/>
							<Vertex xyz="88,-2,83" uv="2048,0" rgba="84,84,173,255"/>
							<Vertex xyz="131,-2,83" rgba="84,84,173,255"/>
							<Vertex xyz="157,15,79" uv="0,1024" rgba="84,84,173,255"/>
							<Vertex xyz="114,15,79" uv="2048,1024" rgba="84,84,173,255"/>
							<Vertex xyz="114,4,80" uv="2048,0" rgba="84,84,173,255"/>
							<Vertex xyz="157,4,80" rgba="84,84,173,255"/>
						</VertexTable>
						<TriangleList>
							<Triangle ijk="0,1,2"/>
							<Triangle ijk="0,2,3"/>
							<Triangle ijk="4,5,6"/>
							<Triangle ijk="4,6,7"/>
							<Triangle ijk="8,9,10"/>
							<Triangle ijk="8,10,11"/>
							<Triangle ijk="12,13,14"/>
							<Triangle ijk="12,14,15"/>
							<Triangle ijk="16,17,18"/>
							<Triangle ijk="16,18,19"/>
							<Triangle ijk="20,21,22"/>
							<Triangle ijk="20,22,23"/>
							<Triangle ijk="24,25,26"/>
							<Triangle ijk="24,26,27"/>
							<Triangle ijk="28,29,30"/>
							<Triangle ijk="28,30,31"/>
							<Triangle ijk="32,33,34"/>
							<Triangle ijk="32,34,35"/>
							<Triangle ijk="36,37,38"/>
							<Triangle ijk="36,38,39"/>
							<Triangle ijk="40,41,42"/>
							<Triangle ijk="40,42,43"/>
							<Triangle ijk="44,45,46"/>
							<Triangle ijk="44,46,47"/>
							<Triangle ijk="48,49,50"/>
							<Triangle ijk="48,50,51"/>
							<Triangle ijk="52,53,54"/>
							<Triangle ijk="52,54,55"/>
						</TriangleList>
					</TriangleBatch>
				</DisplayList>
			</ShapeMesh>
			<PropertyList>
				<Property v="5C,0,D"/>
				<Property v="5F,0,0"/>
			</PropertyList>
		</Model>
		<Model ver="2" type="MODEL" lightset="0">
			<MapObject name="saku" id="9" dumped="true" fileOffset="46C8"/>
			<ShapeMesh ver="3" texture="kkj_floor_btif">
				<DisplayList>
					<F3DEX2 cmd="E7000000,0"/>
					<F3DEX2 cmd="D9FDFFFF,0"/>
					<F3DEX2 cmd="D9FFFFFF,200400"/>
					<TriangleBatch ver="0">
						<VertexTable>
							<Vertex xyz="-90,9,56" uv="0,1024" rgba="84,84,173,255"/>
							<Vertex xyz="-90,9,77" uv="0,1024" rgba="84,84,173,255"/>
							<Vertex xyz="82,9,77" uv="7314,1024" rgba="84,84,173,255"/>
							<Vertex xyz="82,9,56" uv="7314,1024" rgba="84,84,173,255"/>
							<Vertex xyz="-90,-10,77" rgba="57,57,152,255"/>
							<Vertex xyz="82,-10,77" uv="7314,0" rgba="57,57,152,255"/>
							<Vertex xyz="82,9,56" uv="0,1024" rgba="84,84,173,255"/>
							<Vertex xyz="82,9,77" uv="0,1024" rgba="84,84,173,255"/>
							<Vertex xyz="193,9,77" uv="7314,1024" rgba="84,84,173,255"/>
							<Vertex xyz="193,9,56" uv="7314,1024" rgba="84,84,173,255"/>
							<Vertex xyz="82,-10,77" rgba="57,57,152,255"/>
							<Vertex xyz="193,-10,77" uv="7314,0" rgba="57,57,152,255"/>
							<Vertex xyz="193,-10,77" uv="7314,0" rgba="84,84,173,255"/>
							<Vertex xyz="193,-10,56" uv="7314,0" rgba="84,84,173,255"/>
							<Vertex xyz="-191,-10,77" rgba="57,57,152,255"/>
							<Vertex xyz="-90,-10,77" uv="7314,0" rgba="57,57,152,255"/>
							<Vertex xyz="-90,9,77" uv="7314,1024" rgba="84,84,173,255"/>
							<Vertex xyz="-191,9,77" uv="0,1024" rgba="84,84,173,255"/>
							<Vertex xyz="-191,9,56" uv="0,1024" rgba="84,84,173,255"/>
							<Vertex xyz="-90,9,56" uv="7314,1024" rgba="84,84,173,255"/>
							<Vertex xyz="-191,-10,56" rgba="84,84,173,255"/>
							<Vertex xyz="-191,-10,77" rgba="84,84,173,255"/>
						</VertexTable>
						<TriangleList>
							<Triangle ijk="0,1,2"/>
							<Triangle ijk="0,2,3"/>
							<Triangle ijk="4,5,2"/>
							<Triangle ijk="4,2,1"/>
							<Triangle ijk="6,7,8"/>
							<Triangle ijk="6,8,9"/>
							<Triangle ijk="10,11,8"/>
							<Triangle ijk="10,8,7"/>
							<Triangle ijk="9,8,12"/>
							<Triangle ijk="9,12,13"/>
							<Triangle ijk="14,15,16"/>
							<Triangle ijk="14,16,17"/>
							<Triangle ijk="18,17,16"/>
							<Triangle ijk="18,16,19"/>
							<Triangle ijk="20,21,17"/>
							<Triangle ijk="20,17,18"/>
						</TriangleList>
					</TriangleBatch>
				</DisplayList>
			</ShapeMesh>
			<PropertyList>
				<Property v="5C,0,1"/>
				<Property v="5F,0,0"/>
			</PropertyList>
		</Model>
		<Model ver="2" type="MODEL" lightset="0">
			<MapObject name="waki1_2" id="8" dumped="true" fileOffset="4640"/>
			<ShapeMesh ver="3" texture="kkj_grayframetif">
				<DisplayList>
					<F3DEX2 cmd="E7000000,0"/>
					<F3DEX2 cmd="D9FDFFFF,0"/>
					<F3DEX2 cmd="D9FFFFFF,200400"/>
					<TriangleBatch ver="0">
						<VertexTable>
							<Vertex xyz="-188,0,-71" uv="-8293,2048" rgba="119,95,136,255"/>
							<Vertex xyz="-206,-40,-78" uv="-8293,0" rgba="119,95,136,255"/>
							<Vertex xyz="-206,-40,88" uv="-8293,0" rgba="119,95,136,255"/>
							<Vertex xyz="-188,0,71" uv="-8293,2048" rgba="119,95,136,255"/>
							<Vertex xyz="205,-40,88" uv="10240,0" rgba="119,95,136,255"/>
							<Vertex xyz="187,0,71" uv="10240,2048" rgba="119,95,136,255"/>
							<Vertex xyz="205,-40,-78" uv="10240,0" rgba="119,95,136,255"/>
							<Vertex xyz="187,0,-71" uv="10240,2048" rgba="119,95,136,255"/>
						</VertexTable>
						<TriangleList>
							<Triangle ijk="0,1,2"/>
							<Triangle ijk="0,2,3"/>
							<Triangle ijk="3,2,4"/>
							<Triangle ijk="3,4,5"/>
							<Triangle ijk="5,4,6"/>
							<Triangle ijk="5,6,7"/>
						</TriangleList>
					</TriangleBatch>
				</DisplayList>
			</ShapeMesh>
			<PropertyList>
				<Property v="5C,0,1"/>
				<Property v="5F,0,0"/>
			</PropertyList>
		</Model>
		<Model ver="2" type="MODEL" lightset="0">
			<MapObject name="o406" id="7" dumped="true" fileOffset="4420"/>
			<ShapeMesh ver="3" texture="kkj_sunlighttif">
				<DisplayList>
					<F3DEX2 cmd="E7000000,0"/>
					<F3DEX2 cmd="D9FDFFFF,0"/>
					<F3DEX2 cmd="D9FFFFFF,200400"/>
					<TriangleBatch ver="0">
						<VertexTable>
							<Vertex xyz="-103,10,60" uv="-1024,0" rgba="146,172,189,178"/>
							<Vertex xyz="-1,10,60" uv="-102,0" rgba="124,169,200,178"/>
							<Vertex xyz="-1,10,-188" uv="-102,1232" rgba="124,169,200,178"/>
							<Vertex xyz="-74,10,-188" uv="-732,1232" rgba="124,169,200,178"/>
							<Vertex xyz="-1,10,60" uv="102,0" rgba="124,169,200,178"/>
							<Vertex xyz="102,10,60" uv="1024,0" rgba="146,172,189,178"/>
							<Vertex xyz="73,10,-188" uv="733,1232" rgba="124,169,200,178"/>
							<Vertex xyz="-1,10,-188" uv="102,1232" rgba="124,169,200,178"/>
						</VertexTable>
						<TriangleList>
							<Triangle ijk="0,1,2"/>
							<Triangle ijk="0,2,3"/>
							<Triangle ijk="4,5,6"/>
							<Triangle ijk="4,6,7"/>
						</TriangleList>
					</TriangleBatch>
				</DisplayList>
			</ShapeMesh>
			<PropertyList>
				<Property v="5C,0,1A"/>
				<Property v="5F,0,0"/>
			</PropertyList>
		</Model>
		<Model ver="2" type="MODEL" lightset="0">
			<MapObject name="hkr1" id="6" dumped="true" fileOffset="4398"/>
			<ShapeMesh ver="3" texture="kkj_sunlighttif">
				<DisplayList>
					<F3DEX2 cmd="E7000000,0"/>
					<F3DEX2 cmd="D9FDFFFF,0"/>
					<F3DEX2 cmd="D9FFFFFF,200400"/>
					<TriangleBatch ver="0">
						<VertexTable>
							<Vertex xyz="73,0,-71" uv="733,1232" rgba="124,169,200,178"/>
							<Vertex xyz="54,5,-151" uv="545,2028" rgba="124,169,200,178"/>
							<Vertex xyz="0,5,-151" uv="102,2028" rgba="124,169,200,178"/>
							<Vertex xyz="-1,0,-71" uv="102,1232" rgba="124,169,200,178"/>
							<Vertex xyz="-1,0,-71" uv="-102,1232" rgba="124,169,200,178"/>
							<Vertex xyz="0,5,-151" uv="-102,2028" rgba="124,169,200,178"/>
							<Vertex xyz="-55,5,-151" uv="-544,2028" rgba="124,169,200,178"/>
							<Vertex xyz="-74,0,-71" uv="-732,1232" rgba="124,169,200,178"/>
							<Vertex xyz="102,0,-71" uv="1024,1232" rgba="124,169,200,126"/>
							<Vertex xyz="102,5,-153" uv="1024,2048" rgba="124,169,200,126"/>
							<Vertex xyz="54,5,-151" uv="545,2028" rgba="124,169,200,126"/>
							<Vertex xyz="73,0,-71" uv="733,1232" rgba="124,169,200,126"/>
							<Vertex xyz="139,0,-71" uv="572,1232" rgba="124,169,200,126"/>
							<Vertex xyz="162,5,-151" uv="281,2028" rgba="124,169,200,126"/>
							<Vertex xyz="-103,5,-153" uv="-1024,2048" rgba="124,169,200,126"/>
							<Vertex xyz="-103,0,-71" uv="-1024,1232" rgba="124,169,200,126"/>
							<Vertex xyz="-74,0,-71" uv="-732,1232" rgba="124,169,200,126"/>
							<Vertex xyz="-55,5,-151" uv="-544,2028" rgba="124,169,200,126"/>
							<Vertex xyz="-103,0,-71" uv="-1109,1232" rgba="124,169,200,126"/>
							<Vertex xyz="-103,5,-153" uv="-1109,2048" rgba="124,169,200,126"/>
							<Vertex xyz="-164,5,-151" uv="-359,2028" rgba="124,169,200,126"/>
							<Vertex xyz="-140,0,-71" uv="-654,1232" rgba="124,169,200,126"/>
						</VertexTable>
						<TriangleList>
							<Triangle ijk="0,1,2"/>
							<Triangle ijk="0,2,3"/>
							<Triangle ijk="4,5,6"/>
							<Triangle ijk="4,6,7"/>
							<Triangle ijk="8,9,10"/>
							<Triangle ijk="8,10,11"/>
							<Triangle ijk="9,8,12"/>
							<Triangle ijk="9,12,13"/>
							<Triangle ijk="14,15,16"/>
							<Triangle ijk="14,16,17"/>
							<Triangle ijk="18,19,20"/>
							<Triangle ijk="18,20,21"/>
						</TriangleList>
					</TriangleBatch>
				</DisplayList>
			</ShapeMesh>
			<PropertyList>
				<Property v="5C,0,1A"/>
				<Property v="5F,0,0"/>
			</PropertyList>
		</Model>
		<Model ver="2" type="MODEL" lightset="0">
			<MapObject name="yuka1" id="5" dumped="true" fileOffset="4310"/>
			<ShapeMesh ver="3" texture="kkj_red_carpettif">
				<DisplayList>
					<F3DEX2 cmd="E7000000,0"/>
					<F3DEX2 cmd="D9FDFFFF,0"/>
					<F3DEX2 cmd="D9FFFFFF,200400"/>
					<TriangleBatch ver="0">
						<VertexTable>
							<Vertex xyz="102,0,-71" uv="713,8704" rgba="85,85,176,255"/>
							<Vertex xyz="102,0,19" uv="2048,8704" rgba="85,85,176,255"/>
							<Vertex xyz="187,0,19" uv="2048,9967" rgba="85,85,176,255"/>
							<Vertex xyz="187,0,-71" uv="713,9967" rgba="85,85,176,255"/>
							<Vertex xyz="-103,0,-71" uv="713,5632" rgba="85,85,176,255"/>
							<Vertex xyz="-103,0,19" uv="2048,5632" rgba="85,85,176,255"/>
							<Vertex xyz="102,0,-71" uv="713,8704" rgba="85,85,176,255"/>
							<Vertex xyz="-188,0,19" uv="2048,4414" rgba="85,85,176,255"/>
							<Vertex xyz="-103,0,-71" uv="713,5632" rgba="85,85,176,255"/>
							<Vertex xyz="-188,0,-71" uv="713,4414" rgba="85,85,176,255"/>
							<Vertex xyz="156,3,-118" uv="0,9505" rgba="85,85,176,255"/>
							<Vertex xyz="102,3,-118" uv="0,8704" rgba="85,85,176,255"/>
							<Vertex xyz="102,0,-71" uv="713,8704" rgba="85,85,176,255"/>
							<Vertex xyz="162,0,-71" uv="713,9594" rgba="85,85,176,255"/>
							<Vertex xyz="-103,3,-118" uv="0,5632" rgba="85,85,176,255"/>
							<Vertex xyz="-103,0,-71" uv="713,5632" rgba="85,85,176,255"/>
							<Vertex xyz="102,0,-71" uv="713,8704" rgba="85,85,176,255"/>
							<Vertex xyz="-157,3,-118" uv="0,4860" rgba="85,85,176,255"/>
							<Vertex xyz="-163,0,-71" uv="713,4774" rgba="85,85,176,255"/>
							<Vertex xyz="-103,0,-71" uv="713,5632" rgba="85,85,176,255"/>
						</VertexTable>
						<TriangleList>
							<Triangle ijk="0,1,2"/>
							<Triangle ijk="0,2,3"/>
							<Triangle ijk="4,5,1"/>
							<Triangle ijk="4,1,6"/>
							<Triangle ijk="7,5,8"/>
							<Triangle ijk="7,8,9"/>
							<Triangle ijk="10,11,12"/>
							<Triangle ijk="10,12,13"/>
							<Triangle ijk="11,14,15"/>
							<Triangle ijk="11,15,16"/>
							<Triangle ijk="14,17,18"/>
							<Triangle ijk="14,18,19"/>
						</TriangleList>
					</TriangleBatch>
				</DisplayList>
			</ShapeMesh>
			<PropertyList>
				<Property v="5C,0,1"/>
				<Property v="5D,0,0"/>
				<Property v="5D,1,43E10000"/>
				<Property v="5D,1,41700000"/>
				<Property v="5D,1,0"/>
				<Property v="5D,1,0"/>
				<Property v="5D,1,0"/>
				<Property v="5D,1,0"/>
				<Property v="5D,1,0"/>
				<Property v="5D,1,C2C80000"/>
				<Property v="5D,1,C0C00000"/>
				<Property v="5D,0,0"/>
				<Property v="5F,0,0"/>
			</PropertyList>
		</Model>
		<Model ver="2" type="MODEL" lightset="0">
			<MapObject name="yuka2" id="4" dumped="true" fileOffset="4204"/>
			<ShapeMesh ver="3" texture="kkj_floor_btif">
				<DisplayList>
					<F3DEX2 cmd="E7000000,0"/>
					<F3DEX2 cmd="D9FDFFFF,0"/>
					<F3DEX2 cmd="D9FFFFFF,200400"/>
					<TriangleBatch ver="0">
						<VertexTable>
							<Vertex xyz="-103,0,67" uv="-2048,-205" rgba="85,85,176,255"/>
							<Vertex xyz="102,0,67" uv="1024,-205" rgba="85,85,176,255"/>
							<Vertex xyz="102,0,19" uv="1024,512" rgba="85,85,176,255"/>
							<Vertex xyz="-103,0,19" uv="-2048,512" rgba="85,85,176,255"/>
							<Vertex xyz="187,0,67" uv="2287,-205" rgba="85,85,176,255"/>
							<Vertex xyz="187,0,19" uv="2287,512" rgba="85,85,176,255"/>
							<Vertex xyz="-188,0,67" uv="-3266,-205" rgba="85,85,176,255"/>
							<Vertex xyz="-188,0,19" uv="-3266,512" rgba="85,85,176,255"/>
							<Vertex xyz="152,5,-151" uv="8421,307" rgba="85,85,176,255"/>
							<Vertex xyz="102,5,-151" uv="7680,307" rgba="85,85,176,255"/>
							<Vertex xyz="102,3,-118" uv="7680,102" rgba="85,85,176,255"/>
							<Vertex xyz="156,3,-118" uv="8481,102" rgba="85,85,176,255"/>
							<Vertex xyz="-103,5,-151" uv="4608,307" rgba="85,85,176,255"/>
							<Vertex xyz="-103,3,-118" uv="4608,102" rgba="85,85,176,255"/>
							<Vertex xyz="-153,5,-151" uv="3894,307" rgba="85,85,176,255"/>
							<Vertex xyz="-157,3,-118" uv="3836,102" rgba="85,85,176,255"/>
						</VertexTable>
						<TriangleList>
							<Triangle ijk="0,1,2"/>
							<Triangle ijk="0,2,3"/>
							<Triangle ijk="1,4,5"/>
							<Triangle ijk="1,5,2"/>
							<Triangle ijk="6,0,3"/>
							<Triangle ijk="6,3,7"/>
							<Triangle ijk="8,9,10"/>
							<Triangle ijk="8,10,11"/>
							<Triangle ijk="9,12,13"/>
							<Triangle ijk="9,13,10"/>
							<Triangle ijk="12,14,15"/>
							<Triangle ijk="12,15,13"/>
						</TriangleList>
					</TriangleBatch>
				</DisplayList>
			</ShapeMesh>
			<PropertyList>
				<Property v="5C,0,1"/>
				<Property v="5F,0,0"/>
			</PropertyList>
		</Model>
		<Model ver="2" type="GROUP" lightset="0">
			<MapObject name="g49" id="3" dumped="true" fileOffset="417C"/>
			<BoundingBox empty="false" min="-188,0,-151" max="187,175,-71"/>
			<PropertyList>
				<Property v="60,0,1"/>
				<Property v="60,0,4"/>
			</PropertyList>
		</Model>
		<Model ver="2" type="MODEL" lightset="0">
			<MapObject name="Planar GridModel" id="2"/>
			<ShapeMesh ver="3" texture="mim_dark_mitikusatif">
				<DisplayList>
					<F3DEX2 cmd="E7000000,0"/>
					<F3DEX2 cmd="D9FDFFFF,0"/>
					<F3DEX2 cmd="D9FFFFFF,200400"/>
					<TriangleBatch ver="0">
						<VertexTable>
							<Vertex xyz="-170,10,-141" uv="-7616,1027"/>
							<Vertex xyz="170,30,-140" uv="8714,3"/>
							<Vertex xyz="-170,30,-140" uv="-7616,3"/>
							<Vertex xyz="170,10,-141" uv="8714,1027"/>
						</VertexTable>
						<TriangleList>
							<Triangle ijk="0,1,2"/>
							<Triangle ijk="1,0,3"/>
						</TriangleList>
					</TriangleBatch>
				</DisplayList>
			</ShapeMesh>
			<PropertyList>
				<Property v="5C,0,D"/>
				<Property v="5F,0,0"/>
			</PropertyList>
		</Model>
		<Model ver="2" type="MODEL" lightset="0">
			<MapObject name="waku2" id="1" dumped="true" fileOffset="40BC"/>
			<ShapeMesh ver="3" texture="kkj_wall_etif">
				<DisplayList>
					<F3DEX2 cmd="E7000000,0"/>
					<F3DEX2 cmd="D9FDFFFF,0"/>
					<F3DEX2 cmd="D9FFFFFF,200400"/>
					<TriangleBatch ver="0">
						<VertexTable>
							<Vertex xyz="187,0,-71" uv="-5120,1024" rgba="85,85,176,255"/>
							<Vertex xyz="187,150,-71" uv="1024,1024" rgba="85,85,176,255"/>
							<Vertex xyz="162,150,-71" uv="1024,0" rgba="85,85,176,255"/>
							<Vertex xyz="162,0,-71" uv="-5120,0" rgba="85,85,176,255"/>
							<Vertex xyz="187,175,-71" uv="526,978" rgba="85,85,176,255"/>
							<Vertex xyz="162,175,-71" uv="37,489" rgba="85,85,176,255"/>
							<Vertex xyz="162,150,-71" uv="526,0" rgba="85,85,176,255"/>
							<Vertex xyz="187,150,-71" uv="1015,489" rgba="85,85,176,255"/>
							<Vertex xyz="-163,150,-71" rgba="85,85,176,255"/>
							<Vertex xyz="162,150,-71" uv="13312,0" rgba="85,85,176,255"/>
							<Vertex xyz="162,175,-71" uv="13312,1024" rgba="85,85,176,255"/>
							<Vertex xyz="-163,175,-71" uv="0,1024" rgba="85,85,176,255"/>
							<Vertex xyz="-188,150,-71" uv="-10,497" rgba="85,85,176,255"/>
							<Vertex xyz="-163,150,-71" uv="507,-20" rgba="85,85,176,255"/>
							<Vertex xyz="-163,175,-71" uv="1024,497" rgba="85,85,176,255"/>
							<Vertex xyz="-188,175,-71" uv="507,1015" rgba="85,85,176,255"/>
							<Vertex xyz="-163,0,-71" uv="-5120,0" rgba="85,85,176,255"/>
							<Vertex xyz="-163,150,-71" uv="1024,0" rgba="85,85,176,255"/>
							<Vertex xyz="-188,150,-71" uv="1024,1024" rgba="85,85,176,255"/>
							<Vertex xyz="-188,0,-71" uv="-5120,1024" rgba="85,85,176,255"/>
						</VertexTable>
						<TriangleList>
							<Triangle ijk="0,1,2"/>
							<Triangle ijk="0,2,3"/>
							<Triangle ijk="4,5,6"/>
							<Triangle ijk="4,6,7"/>
							<Triangle ijk="8,9,10"/>
							<Triangle ijk="8,10,11"/>
							<Triangle ijk="12,13,14"/>
							<Triangle ijk="12,14,15"/>
							<Triangle ijk="16,17,18"/>
							<Triangle ijk="16,18,19"/>
						</TriangleList>
					</TriangleBatch>
				</DisplayList>
			</ShapeMesh>
			<PropertyList>
				<Property v="5C,0,1"/>
				<Property v="5F,0,0"/>
			</PropertyList>
		</Model>
		<Model ver="2" type="MODEL" lightset="0">
			<MapObject name="waku_2" id="0" dumped="true" fileOffset="3D04"/>
			<ShapeMesh ver="3" texture="kkj_grayframetif">
				<DisplayList>
					<F3DEX2 cmd="E7000000,0"/>
					<F3DEX2 cmd="D9FDFFFF,0"/>
					<F3DEX2 cmd="D9FFFFFF,200400"/>
					<TriangleBatch ver="0">
						<VertexTable>
							<Vertex xyz="-163,150,-71" uv="0,2048" rgba="125,80,136,255"/>
							<Vertex xyz="-153,150,-151" uv="1024,2048" rgba="131,109,136,255"/>
							<Vertex xyz="152,150,-151" uv="13312,2048" rgba="131,109,136,255"/>
							<Vertex xyz="162,150,-71" uv="14336,2048" rgba="125,80,136,255"/>
							<Vertex xyz="-163,0,-71" uv="5325,2048" rgba="125,80,136,255"/>
							<Vertex xyz="-153,5,-151" uv="5325,2867" rgba="131,109,136,255"/>
							<Vertex xyz="-153,150,-151" uv="0,2867" rgba="131,109,136,255"/>
							<Vertex xyz="-163,150,-71" uv="0,2048" rgba="125,80,136,255"/>
							<Vertex xyz="162,150,-71" uv="2048,2048" rgba="125,80,136,255"/>
							<Vertex xyz="152,150,-151" uv="2048,3072" rgba="131,109,136,255"/>
							<Vertex xyz="152,5,-151" uv="-4608,3072" rgba="131,109,136,255"/>
							<Vertex xyz="162,0,-71" uv="-4608,2048" rgba="125,80,136,255"/>
						</VertexTable>
						<TriangleList>
							<Triangle ijk="0,1,2"/>
							<Triangle ijk="0,2,3"/>
							<Triangle ijk="4,5,6"/>
							<Triangle ijk="4,6,7"/>
							<Triangle ijk="8,9,10"/>
							<Triangle ijk="8,10,11"/>
						</TriangleList>
					</TriangleBatch>
				</DisplayList>
			</ShapeMesh>
			<PropertyList>
				<Property v="5C,0,1"/>
				<Property v="5F,0,0"/>
			</PropertyList>
		</Model>
	</Models>
	<Colliders>
		<Collider ver="0" flags="0">
			<MapObject name="Root" id="2"/>
			<HitObject type="ROOT"/>
		</Collider>
		<Collider ver="0" flags="0">
			<MapObject name="dai" id="1" dumped="true" fileOffset="64"/>
			<HitObject type="GROUP"/>
		</Collider>
		<Collider ver="0" flags="0">
			<MapObject name="yuka" id="0" dumped="true" fileOffset="58"/>
			<HitObject type="HIT"/>
			<HitMesh ver="0">
				<TriangleBatch ver="0">
					<VertexTable>
						<Vertex xyz="63,0,71"/>
						<Vertex xyz="187,0,71"/>
						<Vertex xyz="187,0,-71"/>
						<Vertex xyz="63,0,-71"/>
						<Vertex xyz="-57,0,71"/>
						<Vertex xyz="-57,0,-71"/>
						<Vertex xyz="-188,0,-71"/>
						<Vertex xyz="-188,0,71"/>
					</VertexTable>
					<TriangleList>
						<Triangle ijk="0,1,2"/>
						<Triangle ijk="0,2,3"/>
						<Triangle ijk="4,0,3"/>
						<Triangle ijk="4,3,5"/>
						<Triangle ijk="6,7,4"/>
						<Triangle ijk="6,4,5"/>
					</TriangleList>
				</TriangleBatch>
			</HitMesh>
		</Collider>
	</Colliders>
	<Zones>
		<Zone ver="0">
			<MapObject name="Root" id="0"/>
			<HitObject type="ROOT"/>
		</Zone>
	</Zones>
	<Markers>
		<Marker ver="4" type="Root">
			<MapObject name="Root" id="10"/>
		</Marker>
		<Marker ver="4" type="Position" pos="105,0,0" yaw="0.000000">
			<MapObject name="Home Position 10" id="F" hidden="true"/>
		</Marker>
		<Marker ver="4" type="Position" pos="135,130,25" yaw="0.000000">
			<MapObject name="Home Position F" id="E" hidden="true"/>
		</Marker>
		<Marker ver="4" type="Position" pos="95,125,10" yaw="0.000000">
			<MapObject name="Home Position E" id="D" hidden="true"/>
		</Marker>
		<Marker ver="4" type="Position" pos="55,120,-5" yaw="0.000000">
			<MapObject name="Home Position D" id="C" hidden="true"/>
		</Marker>
		<Marker ver="4" type="Position" pos="15,125,-20" yaw="0.000000">
			<MapObject name="Home Position C" id="B" hidden="true"/>
		</Marker>
		<Marker ver="4" type="Position" pos="135,90,25" yaw="0.000000">
			<MapObject name="Home Position B" id="A" hidden="true"/>
		</Marker>
		<Marker ver="4" type="Position" pos="95,85,10" yaw="0.000000">
			<MapObject name="Home Position A" id="9" hidden="true"/>
		</Marker>
		<Marker ver="4" type="Position" pos="55,80,-5" yaw="0.000000">
			<MapObject name="Home Position 9" id="8" hidden="true"/>
		</Marker>
		<Marker ver="4" type="Position" pos="15,85,-20" yaw="0.000000">
			<MapObject name="Home Position 8" id="7" hidden="true"/>
		</Marker>
		<Marker ver="4" type="Position" pos="130,55,25" yaw="0.000000">
			<MapObject name="Home Position 7" id="6" hidden="true"/>
		</Marker>
		<Marker ver="4" type="Position" pos="90,50,10" yaw="0.000000">
			<MapObject name="Home Position 6" id="5" hidden="true"/>
		</Marker>
		<Marker ver="4" type="Position" pos="50,45,-5" yaw="0.000000">
			<MapObject name="Home Position 5" id="4" hidden="true"/>
		</Marker>
		<Marker ver="4" type="Position" pos="10,50,-20" yaw="0.000000">
			<MapObject name="Home Position 4" id="3" hidden="true"/>
		</Marker>
		<Marker ver="4" type="Position" pos="125,0,25" yaw="0.000000">
			<MapObject name="Home Position 3" id="2" hidden="true"/>
		</Marker>
		<Marker ver="4" type="Position" pos="85,0,10" yaw="0.000000">
			<MapObject name="Home Position 2" id="1" hidden="true"/>
		</Marker>
		<Marker ver="4" type="Position" pos="-155,0,-5" yaw="0.000000">
			<MapObject name="Home Position 1" id="0" hidden="true"/>
		</Marker>
		<Marker ver="4" type="Position" pos="5,0,-20" yaw="0.000000">
			<MapObject name="Home Position 0" id="FFFFFFFF" hidden="true"/>
		</Marker>
	</Markers>
	<ScriptData>
		<TexPanners>
			<TexPanner id="0" generate="false"/>
			<TexPanner id="1" generate="false"/>
			<TexPanner id="2" generate="false"/>
			<TexPanner id="3" generate="false"/>
			<TexPanner id="4" generate="false"/>
			<TexPanner id="5" generate="false"/>
			<TexPanner id="6" generate="false"/>
			<TexPanner id="7" generate="false"/>
			<TexPanner id="8" generate="false"/>
			<TexPanner id="9" generate="false"/>
			<TexPanner id="A" generate="false"/>
			<TexPanner id="B" generate="false"/>
			<TexPanner id="C" generate="false"/>
			<TexPanner id="D" generate="false"/>
			<TexPanner id="E" generate="false"/>
			<TexPanner id="F" generate="false"/>
		</TexPanners>
		<Generators>
		</Generators>
		<Camera vfov="25" near="16" far="4096" bgcolor="0,0,0" leadsPlayer="false"/>
		<Fog world="0,10,10,10,255,950,1000" entity="0,10,10,10,255,950,1000"/>
		<Options location="1F" hasMusic="false" hasSounds="false" sounds="1" hasShading="false" shadingName="None"/>
		<Override tex="true"/>
	</ScriptData>
</Map>
