<?xml version="1.0" encoding="UTF-8" standalone="no"?>
<MapTable>
	<Area name="kmr" nickname="Goomba Region">
		<Map name="kmr_00" nickname="Forest Clearing" flags="1"/>
		<Map name="kmr_02" nickname="Goomba Village"/>
		<Map name="kmr_03" nickname="Bottom of the Cliff"/>
		<Map name="kmr_04" nickname="Jr. Troopa's Playground"/>
		<Map name="kmr_05" nickname="Behind the Village"/>
		<Map name="kmr_06" nickname="Goomba Road 2"/>
		<Map name="kmr_07" nickname="Goomba Road 3"/>
		<Map name="kmr_09" nickname="Goomba Road 1"/>
		<Map name="kmr_10" nickname="Toad Town Entrance"/>
		<Map name="kmr_11" nickname="Goomba King's Castle"/>
		<Map name="kmr_12" nickname="Goomba Road 4"/>
		<Map name="kmr_20" nickname="Mario's House"/>
		<Map name="kmr_21" nickname="Title Screen" hasShape="false" hasHit="false"/>
		<Map name="kmr_22" nickname="Chapter Start" hasShape="false" hasHit="false"/>
		<Map name="kmr_23" nickname="Chapter End" hasShape="false" hasHit="false"/>
		<Map name="kmr_24" nickname="Save and Continue" hasShape="false" hasHit="false"/>
		<Map name="kmr_30" nickname="Mario's House (Ending)"/>
		<Stage name="kmr_bt03"/>
		<Stage name="kmr_bt04"/>
		<Stage name="kmr_bt05"/>
		<Stage name="kmr_bt06"/>
	</Area>
	<Area name="mac" nickname="Toad Town">
		<Map name="machi" nickname="Debug Warp Zone"/>
		<Map name="mac_00" nickname="Gate District"/>
		<Map name="mac_01" nickname="Plaza District"/>
		<Map name="mac_02" nickname="Southern District"/>
		<Map name="mac_03" nickname="Station District"/>
		<Map name="mac_04" nickname="Residental District"/>
		<Map name="mac_05" nickname="Port District"/>
		<Map name="mac_06" nickname="Riding the Whale"/>
		<Stage name="mac_bt01"/>
		<Stage name="mac_bt02"/>
	</Area>
	<Area name="tik" nickname="Toad Town Tunnels">
		<Map name="tik_01" nickname="Warp Zone 1 (B1)" flags="102"/>
		<Map name="tik_02" nickname="Blooper Boss 1 (B1)" flags="102"/>
		<Map name="tik_03" nickname="Short Elevator Room (B1)" flags="102"/>
		<Map name="tik_04" nickname="Scales Room (B2)" flags="102"/>
		<Map name="tik_05" nickname="Spring Room (B2)" flags="102"/>
		<Map name="tik_06" nickname="Sewer Entrance (B1)" flags="102"/>
		<Map name="tik_07" nickname="Elevator Attic Room (B2)" flags="102"/>
		<Map name="tik_08" nickname="Second Level Entry (B2)" flags="102"/>
		<Map name="tik_09" nickname="Warp Zone 2 (B2)" flags="102"/>
		<Map name="tik_10" nickname="Block Puzzle Room (B2)" flags="102"/>
		<Map name="tik_12" nickname="Metal Block Room (B3)" flags="102"/>
		<Map name="tik_14" nickname="Rip Cheato Antechamber (B3)" flags="102"/>
		<Map name="tik_15" nickname="Rip Cheato's Home (B3)" flags="102"/>
		<Map name="tik_17" nickname="Frozen Room (B3)" flags="102"/>
		<Map name="tik_18" nickname="Hall to Blooper 1 (B1)" flags="102"/>
		<Map name="tik_19" nickname="Under the Toad Town Pond" flags="102"/>
		<Map name="tik_20" nickname="Room with Spikes (B2)" flags="102"/>
		<Map name="tik_21" nickname="Hidden Blocks Room (B2)" flags="102"/>
		<Map name="tik_22" nickname="Path to Shiver City (B2)" flags="102"/>
		<Map name="tik_23" nickname="Windy Path (B3)" flags="102"/>
		<Map name="tik_24" nickname="Hall to Ultra Boots (B3)" flags="102" hasShape="false" hasHit="false"/>
		<Map name="tik_25" nickname="Ultra Boots Room (B3)" flags="102"/>
		<Stage name="tik_bt01"/>
		<Stage name="tik_bt02"/>
		<Stage name="tik_bt03"/>
		<Stage name="tik_bt04"/>
		<Stage name="tik_bt05"/>
	</Area>
	<Area name="kgr" nickname="Inside the Whale">
		<Map name="kgr_01" nickname="Whale Mouth" flags="1"/>
		<Map name="kgr_02" nickname="Whale Stomach" flags="1"/>
		<Stage name="kgr_bt01"/>
	</Area>
	<Area name="kkj" nickname="Peach's Castle">
		<Map name="kkj_00" nickname="Intro Entry Hall (1F)" flags="103"/>
		<Map name="kkj_01" nickname="Intro Upper Hall (2F)" flags="103"/>
		<Map name="kkj_02" nickname="Intro Stairs Hallway (3F)" flags="2"/>
		<Map name="kkj_03" nickname="Intro Window Hallway (4F)" flags="3"/>
		<Map name="kkj_10" nickname="Entry Hall (1F)" flags="103"/>
		<Map name="kkj_11" nickname="Upper Hall (2F)" flags="103"/>
		<Map name="kkj_12" nickname="Stairs Hallway (3F)" flags="102"/>
		<Map name="kkj_13" nickname="Window Hallway (4F)" flags="103"/>
		<Map name="kkj_14" nickname="Peach's Room (2F)"/>
		<Map name="kkj_15" nickname="Passage Outlet (2F)"/>
		<Map name="kkj_16" nickname="Library (2F)" flags="1"/>
		<Map name="kkj_17" nickname="Storeroom (2F)"/>
		<Map name="kkj_18" nickname="Dining Room (2F)"/>
		<Map name="kkj_19" nickname="Kitchen (1F)"/>
		<Map name="kkj_20" nickname="Guest Room (1F)"/>
		<Map name="kkj_21" nickname="Inactive Quiz-Off (1F)" flags="1"/>
		<Map name="kkj_22" nickname="Double Staircase (4F)" flags="102"/>
		<Map name="kkj_23" nickname="Rooftop (5F)"/>
		<Map name="kkj_24" nickname="Tower Staircase (5F)" flags="102"/>
		<Map name="kkj_25" nickname="Final Boss Arena (6F)"/>
		<Map name="kkj_26" nickname="Balcony (2F)"/>
		<Map name="kkj_27" nickname="Secret Passage (2F)" flags="1"/>
		<Map name="kkj_28" nickname="Darkened Quiz-Off (1F)" flags="1"/>
		<Map name="kkj_29" nickname="Quiz-Off Room (1F)" flags="1"/>
		<Stage name="kkj_bt01"/>
		<Stage name="kkj_bt02"/>
	</Area>
	<Area name="hos" nickname="Shooting Star Summit">
		<Map name="hos_00" nickname="Shooting Star Path"/>
		<Map name="hos_01" nickname="Shooting Star Summit"/>
		<Map name="hos_02" nickname="Star Way"/>
		<Map name="hos_03" nickname="Star Haven"/>
		<Map name="hos_04" nickname="Outside the Sanctuary"/>
		<Map name="hos_05" nickname="Star Sanctuary" flags="102"/>
		<Map name="hos_06" nickname="Merluvlee's House"/>
		<Map name="hos_10" nickname="Ending Descent Scene"/>
		<Map name="hos_20" nickname="Riding Star Ship Scene"/>
		<Stage name="hos_bt01"/>
		<Stage name="hos_bt02"/>
	</Area>
	<Area name="nok" nickname="Koopa Region">
		<Map name="nok_01" nickname="Koopa Village 1"/>
		<Map name="nok_02" nickname="Koopa Village 2"/>
		<Map name="nok_03" nickname="Behind Koopa Village"/>
		<Map name="nok_04" nickname="Fuzzy Forest"/>
		<Map name="nok_11" nickname="Pleasant Path Entry"/>
		<Map name="nok_12" nickname="Pleasant Path Bridge"/>
		<Map name="nok_13" nickname="Pleasant Crossroads"/>
		<Map name="nok_14" nickname="Path to Fortress 1"/>
		<Map name="nok_15" nickname="Path to Fortress 2"/>
		<Stage name="nok_bt01"/>
		<Stage name="nok_bt02"/>
		<Stage name="nok_bt03"/>
		<Stage name="nok_bt04"/>
	</Area>
	<Area name="trd" nickname="Koopa Bros Fortress">
		<Map name="trd_00" nickname="Fortress Exterior"/>
		<Map name="trd_01" nickname="Left Tower" flags="103"/>
		<Map name="trd_02" nickname="Left Stairway" flags="103"/>
		<Map name="trd_03" nickname="Central Hall" flags="103"/>
		<Map name="trd_04" nickname="Right Starway" flags="103"/>
		<Map name="trd_05" nickname="Right Tower" flags="103"/>
		<Map name="trd_06" nickname="Jail" flags="103"/>
		<Map name="trd_07" nickname="Dungeon Trap" flags="103"/>
		<Map name="trd_08" nickname="Dungeon Fire Room" flags="103"/>
		<Map name="trd_09" nickname="Battlement"/>
		<Map name="trd_10" nickname="Boss Battle Room" flags="103"/>
		<Stage name="trd_bt00"/>
		<Stage name="trd_bt01"/>
		<Stage name="trd_bt02"/>
		<Stage name="trd_bt03"/>
		<Stage name="trd_bt04"/>
		<Stage name="trd_bt05"/>
	</Area>
	<Area name="iwa" nickname="Mt Rugged">
		<Map name="iwa_00" nickname="Mt Rugged 1"/>
		<Map name="iwa_01" nickname="Mt Rugged 2"/>
		<Map name="iwa_02" nickname="Mt Rugged 3"/>
		<Map name="iwa_03" nickname="Mt Rugged 4"/>
		<Map name="iwa_04" nickname="Suspension Bridge"/>
		<Map name="iwa_10" nickname="Train Station"/>
		<Map name="iwa_11" nickname="Train Ride Scene"/>
		<Stage name="iwa_bt01"/>
		<Stage name="iwa_bt02"/>
	</Area>
	<Area name="dro" nickname="Dry Dry Outpost">
		<Map name="dro_01" nickname="Outpost 1"/>
		<Map name="dro_02" nickname="Outpost 2"/>
	</Area>
	<Area name="sbk" nickname="Dry Dry Desert">
		<Map name="sbk_00" nickname="N3W3"/>
		<Map name="sbk_01" nickname="N3W2"/>
		<Map name="sbk_02" nickname="N3W1 Ruins Entrance"/>
		<Map name="sbk_03" nickname="N3"/>
		<Map name="sbk_04" nickname="N3E1"/>
		<Map name="sbk_05" nickname="N3E2 Pokey Army"/>
		<Map name="sbk_06" nickname="N3E3"/>
		<Map name="sbk_10" nickname="N2W3"/>
		<Map name="sbk_11" nickname="N2W2"/>
		<Map name="sbk_12" nickname="N2W1"/>
		<Map name="sbk_13" nickname="N2"/>
		<Map name="sbk_14" nickname="N2E1 (Tweester A)"/>
		<Map name="sbk_15" nickname="N2E2"/>
		<Map name="sbk_16" nickname="N2E3"/>
		<Map name="sbk_20" nickname="N1W3 Special Block"/>
		<Map name="sbk_21" nickname="N1W2"/>
		<Map name="sbk_22" nickname="N1W1"/>
		<Map name="sbk_23" nickname="N1 (Tweester B)"/>
		<Map name="sbk_24" nickname="N1E1 Palm Trio"/>
		<Map name="sbk_25" nickname="N1E2"/>
		<Map name="sbk_26" nickname="N1E3"/>
		<Map name="sbk_30" nickname="W3 Kolorado's Camp"/>
		<Map name="sbk_31" nickname="W2"/>
		<Map name="sbk_32" nickname="W1"/>
		<Map name="sbk_33" nickname="Center (Tweester C)"/>
		<Map name="sbk_34" nickname="E1 Nomadimouse"/>
		<Map name="sbk_35" nickname="E2"/>
		<Map name="sbk_36" nickname="E3 Outside Outpost"/>
		<Map name="sbk_40" nickname="S1W3"/>
		<Map name="sbk_41" nickname="S1W2 (Tweester D)"/>
		<Map name="sbk_42" nickname="S1W1"/>
		<Map name="sbk_43" nickname="S1"/>
		<Map name="sbk_44" nickname="S1E1"/>
		<Map name="sbk_45" nickname="S1E2 Small Bluffs"/>
		<Map name="sbk_46" nickname="S1E3 North of Oasis"/>
		<Map name="sbk_50" nickname="S2W3"/>
		<Map name="sbk_51" nickname="S2W2"/>
		<Map name="sbk_52" nickname="S2W1"/>
		<Map name="sbk_53" nickname="S2"/>
		<Map name="sbk_54" nickname="S2E1 Blue Cactus"/>
		<Map name="sbk_55" nickname="S2E2 West of Oasis"/>
		<Map name="sbk_56" nickname="S2E3 Oasis"/>
		<Map name="sbk_60" nickname="S3W3"/>
		<Map name="sbk_61" nickname="S3W2 Hidden AttackFX"/>
		<Map name="sbk_62" nickname="S3W1"/>
		<Map name="sbk_63" nickname="S3"/>
		<Map name="sbk_64" nickname="S3E1"/>
		<Map name="sbk_65" nickname="S3E2"/>
		<Map name="sbk_66" nickname="S3E3 South of Oasis"/>
		<Map name="sbk_99" nickname="Entrance"/>
		<Stage name="sbk_bt02"/>
	</Area>
	<Area name="isk" nickname="Dry Dry Ruins">
		<Map name="isk_01" nickname="Entrance" flags="102"/>
		<Map name="isk_02" nickname="Sarcophagus Hall 1" flags="102"/>
		<Map name="isk_03" nickname="Sand Drainage Room 1" flags="102"/>
		<Map name="isk_04" nickname="Descending Stairs 1" flags="102"/>
		<Map name="isk_05" nickname="Pyramid Stone Room" flags="102"/>
		<Map name="isk_06" nickname="Sand Drainage Room 2" flags="102"/>
		<Map name="isk_07" nickname="Sarcophagus Hall 2" flags="102"/>
		<Map name="isk_08" nickname="Descending Stairs 2" flags="102"/>
		<Map name="isk_09" nickname="Super Hammer Room" flags="102"/>
		<Map name="isk_10" nickname="Vertical Shaft" flags="102"/>
		<Map name="isk_11" nickname="Stone Puzzle Room" flags="102"/>
		<Map name="isk_12" nickname="Sand Drainage Room 3" flags="102"/>
		<Map name="isk_13" nickname="Lunar Stone Room" flags="102"/>
		<Map name="isk_14" nickname="Diamond Stone Room" flags="102"/>
		<Map name="isk_16" nickname="Tutankoopa Room" flags="102"/>
		<Map name="isk_18" nickname="Deep Tunnel" flags="102"/>
		<Map name="isk_19" nickname="Boss Antechamber" flags="102"/>
		<Stage name="isk_bt01"/>
		<Stage name="isk_bt02"/>
		<Stage name="isk_bt03"/>
		<Stage name="isk_bt04"/>
		<Stage name="isk_bt05"/>
		<Stage name="isk_bt06"/>
		<Stage name="isk_bt07"/>
		<Stage name="isk_bt08"/>
	</Area>
	<Area name="mim" nickname="Forever Forest">
		<Map name="mim_01" nickname="Flower Sounds" flags="102"/>
		<Map name="mim_02" nickname="Stump Eyes" flags="102"/>
		<Map name="mim_03" nickname="Flowers (Oaklie)" flags="102"/>
		<Map name="mim_04" nickname="Tree Face (Bub-ulb)" flags="102"/>
		<Map name="mim_05" nickname="Mushrooms (HP Plus)" flags="102"/>
		<Map name="mim_06" nickname="Bee Hive (Path Splits)" flags="102"/>
		<Map name="mim_07" nickname="Flowers Vanish" flags="102"/>
		<Map name="mim_08" nickname="Laughing Rock" flags="102"/>
		<Map name="mim_09" nickname="Flowers Appear (FP Plus)" flags="102"/>
		<Map name="mim_10" nickname="Exit to Toad Town"/>
		<Map name="mim_11" nickname="Outside Boo's Mansion" flags="102"/>
		<Map name="mim_12" nickname="Exit to Gusty Gulch" flags="102"/>
		<Stage name="mim_bt01"/>
	</Area>
	<Area name="obk" nickname="Boo's Mansion">
		<Map name="obk_01" nickname="Foyer" flags="102"/>
		<Map name="obk_02" nickname="Basement Stairs" flags="101"/>
		<Map name="obk_03" nickname="Basement" flags="101"/>
		<Map name="obk_04" nickname="Super Boots Room" flags="101"/>
		<Map name="obk_05" nickname="Pot Room" flags="101"/>
		<Map name="obk_06" nickname="Library" flags="101"/>
		<Map name="obk_07" nickname="Record Player Room" flags="101"/>
		<Map name="obk_08" nickname="Record Room" flags="101"/>
		<Map name="obk_09" nickname="Lady Bow's Room" flags="102"/>
	</Area>
	<Area name="arn" nickname="Gusty Gulch">
		<Map name="arn_02" nickname="Wasteland Ascent 1"/>
		<Map name="arn_03" nickname="Ghost Town 1"/>
		<Map name="arn_04" nickname="Wasteland Ascent 2"/>
		<Map name="arn_05" nickname="Ghost Town 2"/>
		<Map name="arn_07" nickname="Windmill Exterior"/>
		<Map name="arn_08" nickname="Windmill Interior" flags="101"/>
		<Map name="arn_09" nickname="Windmill Tunnel Entry" flags="101"/>
		<Map name="arn_10" nickname="Tunnel 1" flags="101"/>
		<Map name="arn_11" nickname="Tubba's Heart Chamber" flags="101"/>
		<Map name="arn_12" nickname="Tunnel 2" flags="101"/>
		<Map name="arn_13" nickname="Tunnel 3" flags="101"/>
		<Map name="arn_20" nickname="Tubba's Manor Exterior" hasData="false"/>
		<Stage name="arn_bt01"/>
		<Stage name="arn_bt02"/>
		<Stage name="arn_bt03"/>
		<Stage name="arn_bt04"/>
		<Stage name="arn_bt05"/>
		<Stage name="arn_bt06"/>
	</Area>
	<Area name="dgb" nickname="Tubba's Castle">
		<Map name="dgb_00" nickname="Escape Scene" hasShape="false" hasHit="false"/>
		<Map name="dgb_01" nickname="Great Hall" flags="102"/>
		<Map name="dgb_02" nickname="West Hall (1F)" flags="102"/>
		<Map name="dgb_03" nickname="Table/Clock Room (1/2F)" flags="102"/>
		<Map name="dgb_04" nickname="Stairs to Basement" flags="102"/>
		<Map name="dgb_05" nickname="Stairs Above Basement" flags="102"/>
		<Map name="dgb_06" nickname="Basement" flags="102"/>
		<Map name="dgb_07" nickname="Study (1F)" flags="102"/>
		<Map name="dgb_08" nickname="East Hall (1/2F)" flags="102"/>
		<Map name="dgb_09" nickname="West Hall (2F)" flags="102"/>
		<Map name="dgb_10" nickname="Sealed Room (2F)" flags="102"/>
		<Map name="dgb_11" nickname="Covered Tables Room (1F)" flags="102"/>
		<Map name="dgb_12" nickname="Spike Trap Room (2F)" flags="102"/>
		<Map name="dgb_13" nickname="Hidden Bedroom (2F)" flags="102"/>
		<Map name="dgb_14" nickname="Stairs to Third Floor" flags="102"/>
		<Map name="dgb_15" nickname="West Hall (3F)" flags="102"/>
		<Map name="dgb_16" nickname="Sleeping Clubbas Room (3F)" flags="102"/>
		<Map name="dgb_17" nickname="Save Room (3F)" flags="102"/>
		<Map name="dgb_18" nickname="Master Bedroom (3F)" flags="102"/>
		<Stage name="dgb_bt01"/>
		<Stage name="dgb_bt02"/>
		<Stage name="dgb_bt03"/>
		<Stage name="dgb_bt04"/>
		<Stage name="dgb_bt05"/>
	</Area>
	<Area name="omo" nickname="Shy Guy's Toybox">
		<Map name="omo_01" nickname="BLU Large Playroom" flags="102"/>
		<Map name="omo_02" nickname="RED Boss Barricade" flags="102"/>
		<Map name="omo_03" nickname="BLU Station" flags="102"/>
		<Map name="omo_04" nickname="BLU Block City" flags="102"/>
		<Map name="omo_05" nickname="PNK Gourmet Guy Crossing" flags="102"/>
		<Map name="omo_06" nickname="PNK Station" flags="102"/>
		<Map name="omo_07" nickname="PNK Playhouse" flags="102"/>
		<Map name="omo_08" nickname="GRN Station" flags="102"/>
		<Map name="omo_09" nickname="GRN Treadmills/Slot Machine" flags="102"/>
		<Map name="omo_10" nickname="RED Station" flags="102"/>
		<Map name="omo_11" nickname="RED Moving Platforms" flags="102"/>
		<Map name="omo_12" nickname="RED Lantern Ghost" flags="102"/>
		<Map name="omo_13" nickname="BLU Anti-Guy Hall" flags="102"/>
		<Map name="omo_14" nickname="RED Boss Antechamber" flags="102"/>
		<Map name="omo_15" nickname="RED General Guy Room" flags="102"/>
		<Map name="omo_16" nickname="Riding the Train" flags="102"/>
		<Map name="omo_17" nickname="PNK Tracks Hallway" flags="102"/>
		<Stage name="omo_bt01"/>
		<Stage name="omo_bt02"/>
		<Stage name="omo_bt03"/>
		<Stage name="omo_bt04"/>
		<Stage name="omo_bt05"/>
		<Stage name="omo_bt06"/>
		<Stage name="omo_bt07"/>
	</Area>
	<Area name="jan" nickname="Jade Jungle">
		<Map name="jan_00" nickname="Whale Cove"/>
		<Map name="jan_01" nickname="Beach"/>
		<Map name="jan_02" nickname="Village Cove"/>
		<Map name="jan_03" nickname="Village Buildings"/>
		<Map name="jan_04" nickname="Sushi Tree"/>
		<Map name="jan_05" nickname="SE Jungle (Quake Hammer)"/>
		<Map name="jan_06" nickname="NE Jungle (Raven Statue)"/>
		<Map name="jan_07" nickname="Small Jungle Ledge"/>
		<Map name="jan_08" nickname="SW Jungle (Super Block)"/>
		<Map name="jan_09" nickname="NW Jungle (Large Ledge)"/>
		<Map name="jan_10" nickname="Western Dead End"/>
		<Map name="jan_11" nickname="Root Cavern" flags="102"/>
		<Map name="jan_12" nickname="Deep Jungle 1" flags="101"/>
		<Map name="jan_13" nickname="Deep Jungle 2 (Block Puzzle)" flags="101"/>
		<Map name="jan_14" nickname="Deep Jungle 3" flags="101"/>
		<Map name="jan_15" nickname="Deep Jungle 4 (Ambush)" flags="101"/>
		<Map name="jan_16" nickname="Base of Great Tree" flags="101"/>
		<Map name="jan_17" nickname="Lower Great Tree Interior" flags="102"/>
		<Map name="jan_18" nickname="Great Tree Vine Ascent"/>
		<Map name="jan_19" nickname="Upper Great Tree Interior" flags="102"/>
		<Map name="jan_22" nickname="Path to the Volcano" flags="101"/>
		<Map name="jan_23" nickname="Great Treetop Roost"/>
		<Stage name="jan_bt00"/>
		<Stage name="jan_bt01"/>
		<Stage name="jan_bt02"/>
		<Stage name="jan_bt03"/>
		<Stage name="jan_bt04"/>
	</Area>
	<Area name="kzn" nickname="Mt Lavalava">
		<Map name="kzn_01" nickname="Volcano Entrance" flags="102"/>
		<Map name="kzn_02" nickname="First Lava Lake" flags="102"/>
		<Map name="kzn_03" nickname="Central Cavern" flags="102"/>
		<Map name="kzn_04" nickname="Fire Bar Bridge" flags="102"/>
		<Map name="kzn_05" nickname="Descent Toward Ultra Hammer" flags="102"/>
		<Map name="kzn_06" nickname="Flowing Lava Puzzle" flags="102"/>
		<Map name="kzn_07" nickname="Ultra Hammer Room" flags="102"/>
		<Map name="kzn_08" nickname="Dizzy Stomp Room" flags="102"/>
		<Map name="kzn_09" nickname="Zipline Cavern" flags="102"/>
		<Map name="kzn_10" nickname="Descent Toward Boss" flags="102"/>
		<Map name="kzn_11" nickname="Second Lava Lake" flags="102"/>
		<Map name="kzn_17" nickname="Spike Roller Trap" flags="102"/>
		<Map name="kzn_18" nickname="Boss Antechamber" flags="102"/>
		<Map name="kzn_19" nickname="Boss Room" flags="102"/>
		<Map name="kzn_20" nickname="Rising Lava 1" flags="102"/>
		<Map name="kzn_22" nickname="Rising Lava 2" flags="102"/>
		<Map name="kzn_23" nickname="Volcano Escape" flags="102"/>
		<Stage name="kzn_bt01"/>
		<Stage name="kzn_bt02"/>
		<Stage name="kzn_bt04"/>
		<Stage name="kzn_bt05"/>
	</Area>
	<Area name="flo" nickname="Flower Fields">
		<Map name="flo_00" nickname="Center"/>
		<Map name="flo_03" nickname="(East) Petunia's Field"/>
		<Map name="flo_07" nickname="(SW) Posie and Crystal Tree"/>
		<Map name="flo_08" nickname="(SE) Briar Platforming"/>
		<Map name="flo_09" nickname="(East) Triple Tree Path"/>
		<Map name="flo_10" nickname="(SE) Lily's Fountain"/>
		<Map name="flo_11" nickname="(West) Maze"/>
		<Map name="flo_12" nickname="(West) Rosie's Trellis"/>
		<Map name="flo_13" nickname="(NW) Lakilester"/>
		<Map name="flo_14" nickname="(NW) Bubble Flower"/>
		<Map name="flo_15" nickname="(NW) Sun Tower"/>
		<Map name="flo_16" nickname="(NE) Elevators"/>
		<Map name="flo_17" nickname="(NE) Fallen Logs"/>
		<Map name="flo_18" nickname="(NE) Puff Puff Machine"/>
		<Map name="flo_19" nickname="Cloudy Climb"/>
		<Map name="flo_21" nickname="Huff N Puff Room"/>
		<Map name="flo_22" nickname="(East) Old Well"/>
		<Map name="flo_23" nickname="(West) Path to Maze"/>
		<Map name="flo_24" nickname="(SE) Water Level Room"/>
		<Map name="flo_25" nickname="(SW) Path to Crystal Tree"/>
		<Stage name="flo_bt01"/>
		<Stage name="flo_bt02"/>
		<Stage name="flo_bt03"/>
		<Stage name="flo_bt04"/>
		<Stage name="flo_bt05"/>
		<Stage name="flo_bt06"/>
	</Area>
	<Area name="sam" nickname="Mt Shiver">
		<Map name="sam_01" nickname="Shiver City Mayor Area"/>
		<Map name="sam_02" nickname="Shiver City Center"/>
		<Map name="sam_03" nickname="Road to Shiver Snowfield"/>
		<Map name="sam_04" nickname="Shiver Snowfield"/>
		<Map name="sam_05" nickname="Path to Starborn Valley"/>
		<Map name="sam_06" nickname="Starborn Valley"/>
		<Map name="sam_07" nickname="Shiver Mountain Passage" flags="101"/>
		<Map name="sam_08" nickname="Shiver Mountain Hills" flags="101"/>
		<Map name="sam_09" nickname="Shiver Mountain Tunnel" flags="101"/>
		<Map name="sam_10" nickname="Shiver Mountain Peaks" flags="101"/>
		<Map name="sam_11" nickname="Shiver City Pond Area"/>
		<Map name="sam_12" nickname="Merlar's Sanctuary" flags="101"/>
		<Stage name="sam_bt01"/>
		<Stage name="sam_bt02"/>
		<Stage name="sam_bt03"/>
		<Stage name="sam_bt04"/>
	</Area>
	<Area name="pra" nickname="Crystal Palace">
		<Map name="pra_01" nickname="Entrance" flags="1"/>
		<Map name="pra_02" nickname="Entry Hall" flags="102"/>
		<Map name="pra_03" nickname="Save Room" flags="102"/>
		<Map name="pra_04" nickname="Reflected Save Room" flags="102"/>
		<Map name="pra_05" nickname="Blue Key Room" flags="101"/>
		<Map name="pra_06" nickname="Shooting Star Room" flags="101" hasShape="false" hasHit="false"/>
		<Map name="pra_09" nickname="Red Key Hall" flags="102"/>
		<Map name="pra_10" nickname="P-Down, D-Up Hall" flags="102"/>
		<Map name="pra_11" nickname="Red Key Room" flags="101"/>
		<Map name="pra_12" nickname="P-Down, D-Up Room" flags="101" hasShape="false" hasHit="false"/>
		<Map name="pra_13" nickname="Blue Mirror Hall 1" flags="102"/>
		<Map name="pra_14" nickname="Blue Mirror Hall 2" flags="102"/>
		<Map name="pra_15" nickname="Star Piece Cave" flags="101"/>
		<Map name="pra_16" nickname="Red Mirror Hall" flags="102"/>
		<Map name="pra_18" nickname="Bridge Mirror Hall" flags="102"/>
		<Map name="pra_19" nickname="Reflection Mimic Room" flags="102"/>
		<Map name="pra_20" nickname="Mirrored Door Room" flags="101"/>
		<Map name="pra_21" nickname="Huge Statue Room" flags="102"/>
		<Map name="pra_22" nickname="Small Statue Room" flags="102"/>
		<Map name="pra_27" nickname="Palace Key Room" flags="101" hasShape="false" hasHit="false"/>
		<Map name="pra_28" nickname="P-Up, D-Down Room" flags="101" hasShape="false" hasHit="false"/>
		<Map name="pra_29" nickname="Hidden Bridge Room" flags="102"/>
		<Map name="pra_31" nickname="Dino Puzzle Room" flags="102"/>
		<Map name="pra_32" nickname="Crystal Summit" flags="101"/>
		<Map name="pra_33" nickname="Turnstyle Room" flags="102"/>
		<Map name="pra_34" nickname="Mirror Hole Room" flags="101"/>
		<Map name="pra_35" nickname="Triple Dip Room" flags="102"/>
		<Map name="pra_36" nickname="Palace Key Hall" flags="102" hasShape="false" hasHit="false"/>
		<Map name="pra_37" nickname="P-Up, D-Down Hall" flags="102" hasShape="false" hasHit="false"/>
		<Map name="pra_38" nickname="Blue Key Hall" flags="102" hasShape="false" hasHit="false"/>
		<Map name="pra_39" nickname="Shooting Star Hall" flags="102" hasShape="false" hasHit="false"/>
		<Map name="pra_40" nickname="Boss Antechamber" flags="101"/>
		<Stage name="pra_bt01"/>
		<Stage name="pra_bt02"/>
		<Stage name="pra_bt03"/>
		<Stage name="pra_bt04"/>
	</Area>
	<Area name="kpa" nickname="Bowser's Castle">
		<Map name="kpa_01" nickname="Dark Cave 1" flags="103"/>
		<Map name="kpa_03" nickname="Dark Cave 2" flags="103"/>
		<Map name="kpa_04" nickname="Cave Exit" flags="102"/>
		<Map name="kpa_08" nickname="Castle Key Timing Puzzle" flags="102"/>
		<Map name="kpa_09" nickname="Ultra Shroom Timing Puzzle" flags="102"/>
		<Map name="kpa_10" nickname="Outside Lower Jail (No Lava)" flags="103"/>
		<Map name="kpa_11" nickname="Outisde Lower Jail (Lava)" flags="103"/>
		<Map name="kpa_12" nickname="Lava Channel 1" flags="103"/>
		<Map name="kpa_13" nickname="Lava Channel 2" flags="103"/>
		<Map name="kpa_14" nickname="Lava Channel 3" flags="103"/>
		<Map name="kpa_15" nickname="Lava Key Room" flags="103"/>
		<Map name="kpa_16" nickname="Lava Control Room" flags="103"/>
		<Map name="kpa_17" nickname="Lower Jail" flags="102"/>
		<Map name="kpa_32" nickname="Lower Grand Hall" flags="103"/>
		<Map name="kpa_33" nickname="Upper Grand Hall" flags="103"/>
		<Map name="kpa_40" nickname="Maze Guide Room" flags="102"/>
		<Map name="kpa_41" nickname="Maze Room" flags="102"/>
		<Map name="kpa_50" nickname="Hall to Guard Door 1" flags="102"/>
		<Map name="kpa_51" nickname="Hall to Water Puzzle" flags="102" hasShape="false" hasHit="false"/>
		<Map name="kpa_52" nickname="Split Level Hall" flags="102"/>
		<Map name="kpa_53" nickname="Fake Peach Hallway" flags="102" hasShape="false" hasHit="false"/>
		<Map name="kpa_60" nickname="Ship Enter/Exit Scenes"/>
		<Map name="kpa_61" nickname="Battlement"/>
		<Map name="kpa_62" nickname="Front Door Exterior"/>
		<Map name="kpa_63" nickname="Hanger" flags="102"/>
		<Map name="kpa_70" nickname="Entry Lava Hall" flags="103"/>
		<Map name="kpa_81" nickname="Guard Door 1" flags="102" hasShape="false" hasHit="false"/>
		<Map name="kpa_82" nickname="Guard Door 2" flags="102" hasShape="false" hasHit="false"/>
		<Map name="kpa_83" nickname="Guard Door 3" flags="102" hasShape="false" hasHit="false"/>
		<Map name="kpa_90" nickname="Stairs to East Upper Jail" flags="102"/>
		<Map name="kpa_91" nickname="East Upper Jail" flags="102"/>
		<Map name="kpa_94" nickname="Stairs to West Upper Jail" flags="102"/>
		<Map name="kpa_95" nickname="West Upper Jail" flags="102"/>
		<Map name="kpa_96" nickname="Item Shop" flags="101"/>
		<Map name="kpa_100" nickname="Castle Key Room" flags="101" hasShape="false" hasHit="false"/>
		<Map name="kpa_101" nickname="Ultra Shroom Room" flags="101" hasShape="false" hasHit="false"/>
		<Map name="kpa_102" nickname="Blue Fire Bridge" flags="103"/>
		<Map name="kpa_111" nickname="Room with Hidden Door 1" flags="103"/>
		<Map name="kpa_112" nickname="Hidden Passage 1" flags="102"/>
		<Map name="kpa_113" nickname="Room with Hidden Door 2" flags="103"/>
		<Map name="kpa_114" nickname="Hidden Passage 2" flags="102" hasShape="false" hasHit="false"/>
		<Map name="kpa_115" nickname="Room with Hidden Door 3" flags="103"/>
		<Map name="kpa_116" nickname="Dead End Passage" flags="102"/>
		<Map name="kpa_117" nickname="Dead End Room" flags="101"/>
		<Map name="kpa_118" nickname="Hidden Passage 3" flags="102"/>
		<Map name="kpa_119" nickname="Hidden Key Room" flags="101"/>
		<Map name="kpa_121" nickname="Exit to Peach's Castle" flags="102"/>
		<Map name="kpa_130" nickname="Bill Blaster Hall" flags="103"/>
		<Map name="kpa_133" nickname="Left Water Puzzle" flags="103"/>
		<Map name="kpa_134" nickname="Right Water Puzzle" flags="103"/>
		<Map name="kpa_80" nickname="Guard Door Geometry" hasData="false"/>
		<Stage name="kpa_bt01"/>
		<Stage name="kpa_bt02"/>
		<Stage name="kpa_bt03"/>
		<Stage name="kpa_bt04"/>
		<Stage name="kpa_bt05"/>
		<Stage name="kpa_bt07"/>
		<Stage name="kpa_bt08"/>
		<Stage name="kpa_bt09"/>
		<Stage name="kpa_bt11"/>
		<Stage name="kpa_bt13"/>
		<Stage name="kpa_bt14"/>
	</Area>
	<Area name="osr" nickname="Peach's Castle Grounds">
		<Map name="osr_00" nickname="Intro Castle Grounds"/>
		<Map name="osr_01" nickname="Ruined Castle Grounds"/>
		<Map name="osr_02" nickname="Hijacked Castle Entrance"/>
		<Map name="osr_03" nickname="Outside Hijacked Castle"/>
		<Map name="osr_04" nickname="Castle Hijacking Scene" hasShape="false" hasHit="false"/>
	</Area>
	<Area name="end" nickname="Ending">
		<Map name="end_00" nickname="Parade (Day)"/>
		<Map name="end_01" nickname="Parade (Night)"/>
	</Area>
	<Area name="mgm" nickname="Minigame">
		<Map name="mgm_00" nickname="Playroom Lobby"/>
		<Map name="mgm_01" nickname="Jump Attack Minigame"/>
		<Map name="mgm_02" nickname="Smash Attack Minigame"/>
		<Map name="mgm_03" nickname="Large Debug Room"/>
	</Area>
	<Area name="gv" nickname="Game Over">
		<Map name="gv_01" nickname="Game Over Screen"/>
	</Area>
	<Area name="tst" nickname="Testing">
		<Map name="tst_01" nickname="Jump Width Test"/>
		<Map name="tst_02" nickname="Jump Height Test"/>
		<Map name="tst_03" nickname="Entity Test"/>
		<Map name="tst_04" nickname="Moving Platforms Test"/>
		<Map name="tst_10" nickname="Entry and Camera Test"/>
		<Map name="tst_11" nickname="Reflection Test"/>
		<Map name="tst_12" nickname="Flower Fields Test"/>
		<Map name="tst_13" nickname="Partners and Shockwave"/>
		<Map name="tst_20" nickname="Pipes Gallery"/>
	</Area>
	<Area name="sec" nickname="sectonia">
		<Map name="sec_01" nickname="sectonia room"/>
		<Map name="sec_02" nickname="sectonia battle"/>
		<Stage name="sec_bt01" nickname="sectonia arena"/>
	</Area>
	<Resource name="mac_tex" compressed="false"/>
	<Resource name="tik_tex" compressed="false"/>
	<Resource name="kgr_tex" compressed="false"/>
	<Resource name="kmr_tex" compressed="false"/>
	<Resource name="iwa_tex" compressed="false"/>
	<Resource name="sbk_tex" compressed="false"/>
	<Resource name="dro_tex" compressed="false"/>
	<Resource name="isk_tex" compressed="false"/>
	<Resource name="trd_tex" compressed="false"/>
	<Resource name="nok_tex" compressed="false"/>
	<Resource name="hos_tex" compressed="false"/>
	<Resource name="kpa_tex" compressed="false"/>
	<Resource name="osr_tex" compressed="false"/>
	<Resource name="kkj_tex" compressed="false"/>
	<Resource name="tst_tex" compressed="false"/>
	<Resource name="jan_tex" compressed="false"/>
	<Resource name="mim_tex" compressed="false"/>
	<Resource name="obk_tex" compressed="false"/>
	<Resource name="arn_tex" compressed="false"/>
	<Resource name="dgb_tex" compressed="false"/>
	<Resource name="kzn_tex" compressed="false"/>
	<Resource name="flo_tex" compressed="false"/>
	<Resource name="sam_tex" compressed="false"/>
	<Resource name="pra_tex" compressed="false"/>
	<Resource name="omo_tex" compressed="false"/>
	<Resource name="end_tex" compressed="false"/>
	<Resource name="mgm_tex" compressed="false"/>
	<Resource name="gv__tex" compressed="false"/>
	<Resource name="kmr_bg" compressed="true"/>
	<Resource name="nok_bg" compressed="true"/>
	<Resource name="sbk_bg" compressed="true"/>
	<Resource name="sbk3_bg" compressed="true"/>
	<Resource name="iwa_bg" compressed="true"/>
	<Resource name="hos_bg" compressed="true"/>
	<Resource name="arn_bg" compressed="true"/>
	<Resource name="obk_bg" compressed="true"/>
	<Resource name="omo_bg" compressed="true"/>
	<Resource name="yos_bg" compressed="true"/>
	<Resource name="jan_bg" compressed="true"/>
	<Resource name="fla_bg" compressed="true"/>
	<Resource name="flb_bg" compressed="true"/>
	<Resource name="sra_bg" compressed="true"/>
	<Resource name="yki_bg" compressed="true"/>
	<Resource name="sam_bg" compressed="true"/>
	<Resource name="kpa_bg" compressed="true"/>
	<Resource name="title_bg" compressed="true"/>
	<Resource name="title_data" compressed="true"/>
	<Resource name="party_kurio" compressed="true"/>
	<Resource name="party_kameki" compressed="true"/>
	<Resource name="party_pinki" compressed="true"/>
	<Resource name="party_pareta" compressed="true"/>
	<Resource name="party_resa" compressed="true"/>
	<Resource name="party_akari" compressed="true"/>
	<Resource name="party_opuku" compressed="true"/>
	<Resource name="party_pokopi" compressed="true"/>
	<Resource name="sec_tex" compressed="false"/>
</MapTable>
