<?xml version="1.0" encoding="UTF-8" standalone="no"?>
<!-- Add raw audio files here -->
<FileList>
	<File name="bgm/00_117.bgm"/>
	<File name="bgm/01_118.bgm"/>
	<File name="bgm/02_191.bgm"/>
	<File name="bgm/03_120.bgm"/>
	<File name="bgm/04_119.bgm"/>
	<File name="bgm/05_121.bgm"/>
	<File name="bgm/06_192.bgm"/>
	<File name="bgm/07_193.bgm"/>
	<File name="bgm/08_194.bgm"/>
	<File name="bgm/09_195.bgm"/>
	<File name="bgm/0A_196.bgm"/>
	<File name="bgm/0B_122.bgm"/>
	<File name="bgm/0C_328.bgm"/>
	<File name="bgm/0D_184.bgm"/>
	<File name="bgm/0E_187.bgm"/>
	<File name="bgm/0F_306.bgm"/>
	<File name="bgm/10_135.bgm"/>
	<File name="bgm/11_134.bgm"/>
	<File name="bgm/12_224.bgm"/>
	<File name="bgm/13_814.bgm"/>
	<File name="bgm/14_124.bgm"/>
	<File name="bgm/15_123.bgm"/>
	<File name="bgm/16_186.bgm"/>
	<File name="bgm/17_125.bgm"/>
	<File name="bgm/18_126.bgm"/>
	<File name="bgm/19_127.bgm"/>
	<File name="bgm/1A_128.bgm"/>
	<File name="bgm/1B_187.bgm"/>
	<File name="bgm/1C_129.bgm"/>
	<File name="bgm/1D_188.bgm"/>
	<File name="bgm/1E_189.bgm"/>
	<File name="bgm/1F_190.bgm"/>
	<File name="bgm/20_309.bgm"/>
	<File name="bgm/21_307.bgm"/>
	<File name="bgm/22_308.bgm"/>
	<File name="bgm/23_112.bgm"/>
	<File name="bgm/24_108.bgm"/>
	<File name="bgm/25_198.bgm"/>
	<File name="bgm/26_210.bgm"/>
	<File name="bgm/27_311.bgm"/>
	<File name="bgm/28_312.bgm"/>
	<File name="bgm/29_303.bgm"/>
	<File name="bgm/2A_305.bgm"/>
	<File name="bgm/2B_304.bgm"/>
	<File name="bgm/2C_220.bgm"/>
	<File name="bgm/2D_301.bgm"/>
	<File name="bgm/2E_302.bgm"/>
	<File name="bgm/2F_104.bgm"/>
	<File name="bgm/30_103.bgm"/>
	<File name="bgm/31_105.bgm"/>
	<File name="bgm/32_106.bgm"/>
	<File name="bgm/33_107.bgm"/>
	<File name="bgm/34_110.bgm"/>
	<File name="bgm/35_111.bgm"/>
	<File name="bgm/36_827.bgm"/>
	<File name="bgm/37_202.bgm"/>
	<File name="bgm/38_109.bgm"/>
	<File name="bgm/39_113.bgm"/>
	<File name="bgm/3A_114.bgm"/>
	<File name="bgm/3B_141.bgm"/>
	<File name="bgm/3C_203.bgm"/>
	<File name="bgm/3D_115.bgm"/>
	<File name="bgm/3E_116.bgm"/>
	<File name="bgm/3F_838.bgm"/>
	<File name="bgm/40_205.bgm"/>
	<File name="bgm/41_291.bgm"/>
	<File name="bgm/42_144.bgm"/>
	<File name="bgm/43_145.bgm"/>
	<File name="bgm/44_142.bgm"/>
	<File name="bgm/45_143.bgm"/>
	<File name="bgm/46_148.bgm"/>
	<File name="bgm/47_146.bgm"/>
	<File name="bgm/48_147.bgm"/>
	<File name="bgm/49_139.bgm"/>
	<File name="bgm/4A_149.bgm"/>
	<File name="bgm/4B_137.bgm"/>
	<File name="bgm/4C_138.bgm"/>
	<File name="bgm/4D_150.bgm"/>
	<File name="bgm/4E_151.bgm"/>
	<File name="bgm/4F_208.bgm"/>
	<File name="bgm/50_177.bgm"/>
	<File name="bgm/51_178.bgm"/>
	<File name="bgm/52_209.bgm"/>
	<File name="bgm/53_207.bgm"/>
	<File name="bgm/54_179.bgm"/>
	<File name="bgm/55_178.bgm"/>
	<File name="bgm/56_154.bgm"/>
	<File name="bgm/57_155.bgm"/>
	<File name="bgm/58_157.bgm"/>
	<File name="bgm/59_156.bgm"/>
	<File name="bgm/5A_169.bgm"/>
	<File name="bgm/5B_170.bgm"/>
	<File name="bgm/5C_153.bgm"/>
	<File name="bgm/5D_185.bgm"/>
	<File name="bgm/5E_167.bgm"/>
	<File name="bgm/5F_161.bgm"/>
	<File name="bgm/60_162.bgm"/>
	<File name="bgm/61_158.bgm"/>
	<File name="bgm/62_159.bgm"/>
	<File name="bgm/63_160.bgm"/>
	<File name="bgm/64_163.bgm"/>
	<File name="bgm/65_164.bgm"/>
	<File name="bgm/66_166.bgm"/>
	<File name="bgm/67_152.bgm"/>
	<File name="bgm/68_165.bgm"/>
	<File name="bgm/69_175.bgm"/>
	<File name="bgm/6A_176.bgm"/>
	<File name="bgm/6B_174.bgm"/>
	<File name="bgm/6C_181.bgm"/>
	<File name="bgm/6D_183.bgm"/>
	<File name="bgm/6E_001.bgm"/>
	<File name="bgm/6F_168.bgm"/>
	<File name="bgm/70_171.bgm"/>
	<File name="bgm/71_172.bgm"/>
	<File name="bgm/72_182.bgm"/>
	<File name="bgm/73_199.bgm"/>
	<File name="bgm/74_136.bgm"/>
	<File name="bgm/75_311.bgm"/>
	<File name="bgm/76_310.bgm"/>
	<File name="bgm/77_313.bgm"/>
	<File name="bgm/78_130.bgm"/>
	<File name="bgm/79_132.bgm"/>
	<File name="bgm/7A_130.bgm"/>
	<File name="bgm/7B_314.bgm"/>
	<File name="bgm/7C_323.bgm"/>
	<File name="bgm/7D_315.bgm"/>
	<File name="bgm/7E_322.bgm"/>
	<File name="bgm/7F_316.bgm"/>
	<File name="bgm/80_319.bgm"/>
	<File name="bgm/81_318.bgm"/>
	<File name="bgm/82_320.bgm"/>
	<File name="bgm/83_321.bgm"/>
	<File name="bgm/84_317.bgm"/>
	<File name="bgm/85_327.bgm"/>
	<File name="bgm/86_102.bgm"/>
	<File name="bgm/87_101.bgm"/>
	<File name="bgm/88_324.bgm"/>
	<File name="bgm/89_325.bgm"/>
	<File name="bgm/8A_326.bgm"/>
	<File name="bgm/8B_221.bgm"/>
	<File name="bgm/8C_222.bgm"/>
	<File name="bgm/8D_223.bgm"/>
	<File name="bgm/8E_226.bgm"/>
	<File name="misc/8F_DAT1.sef"/>
	<File name="bk/90_PS01.bk"/>
	<File name="bk/91_PS02.bk"/>
	<File name="bk/92_PS03.bk"/>
	<File name="bk/93_PS04.bk"/>
	<File name="bk/94_PS05.bk"/>
	<File name="bk/95_PS11.bk"/>
	<File name="bk/96_GM01.bk"/>
	<File name="bk/97_GM02.bk"/>
	<File name="bk/98_GM03.bk"/>
	<File name="bk/99_GM04.bk"/>
	<File name="bk/9A_GM05.bk"/>
	<File name="bk/9B_GM06.bk"/>
	<File name="bk/9C_GM07.bk"/>
	<File name="bk/9D_GM08.bk"/>
	<File name="bk/9E_GM09.bk"/>
	<File name="bk/9F_GM10.bk"/>
	<File name="bk/A0_GM11.bk"/>
	<File name="bk/A1_SPC0.bk"/>
	<File name="bk/A2_SPC1.bk"/>
	<File name="bk/A3_SPC2.bk"/>
	<File name="bk/A4_SPC3.bk"/>
	<File name="bk/A5_REC1.bk"/>
	<File name="bk/A6_STG5.bk"/>
	<File name="bk/A7_STG8.bk"/>
	<File name="bk/A8_CHO1.bk"/>
	<File name="bk/A9_SYS0.bk"/>
	<File name="bk/AA_SYS1.bk"/>
	<File name="bk/AB_SYS2.bk"/>
	<File name="bk/AC_MAR0.bk"/>
	<File name="bk/AD_MAR1.bk"/>
	<File name="bk/AE_ENV0.bk"/>
	<File name="bk/AF_PAR0.bk"/>
	<File name="bk/B0_PAR1.bk"/>
	<File name="bk/B1_PAR2.bk"/>
	<File name="bk/B2_ETC0.bk"/>
	<File name="bk/B3_ETC1.bk"/>
	<File name="bk/B4_ETC2.bk"/>
	<File name="bk/B5_ENE0.bk"/>
	<File name="bk/B6_ENE1.bk"/>
	<File name="bk/B7_EVT0.bk"/>
	<File name="bk/B8_EVT1.bk"/>
	<File name="bk/B9_EVT2.bk"/>
	<File name="bk/BA_EVT3.bk"/>
	<File name="bk/BB_EVT4.bk"/>
	<File name="bk/BC_EVT5.bk"/>
	<File name="bk/BD_EVT6.bk"/>
	<File name="bk/BE_EVT7.bk"/>
	<File name="bk/BF_EVT8.bk"/>
	<File name="bk/C0_MOB0.bk"/>
	<File name="bk/C1_PEA0.bk"/>
	<File name="bk/C2_MAR2.bk"/>
	<File name="bk/C3_MAR3.bk"/>
	<File name="bk/C4_MAR4.bk"/>
	<File name="bk/C5_BTL0.bk"/>
	<File name="bk/C6_BTL1.bk"/>
	<File name="bk/C7_BTL2.bk"/>
	<File name="bk/C8_BTL3.bk"/>
	<File name="bk/C9_BT20.bk"/>
	<File name="bk/CA_BT21.bk"/>
	<File name="bk/CB_BT22.bk"/>
	<File name="bk/CC_BT23.bk"/>
	<File name="bk/CD_BT24.bk"/>
	<File name="bk/CE_BT25.bk"/>
	<File name="bk/CF_BT26.bk"/>
	<File name="bk/D0_BT27.bk"/>
	<File name="bk/D1_BT28.bk"/>
	<File name="bk/D2_BT29.bk"/>
	<File name="bk/D3_BT2A.bk"/>
	<File name="bk/D4_BT2B.bk"/>
	<File name="bk/D5_BT2C.bk"/>
	<File name="bk/D6_BT2D.bk"/>
	<File name="bk/D7_PHR1.bk"/>
	<File name="bk/D8_ENV1.bk"/>
	<File name="misc/D9_SET1.per"/>
	<File name="misc/DA_SET1.prg"/>
	<File name="mseq/DB_501.mseq"/>
	<File name="mseq/DC_502.mseq"/>
	<File name="mseq/DD_503.mseq"/>
	<File name="mseq/DE_504.mseq"/>
	<File name="mseq/DF_505.mseq"/>
	<File name="mseq/E0_506.mseq"/>
	<File name="mseq/E1_507.mseq"/>
	<File name="mseq/E2_508.mseq"/>
	<File name="mseq/E3_509.mseq"/>
	<File name="mseq/E4_510.mseq"/>
	<File name="mseq/E5_511.mseq"/>
	<File name="mseq/E6_512.mseq"/>
	<File name="mseq/E7_513.mseq"/>
	<File name="mseq/E8_521.mseq"/>
	<File name="mseq/E9_522.mseq"/>
	<File name="mseq/EA_523.mseq"/>
	<File name="mseq/EB_521.mseq"/>
	<File name="bgm/A0_123.bgm"/>
</FileList>
