<?xml version="1.0" encoding="UTF-8" standalone="no"?>
<!-- Add raw audio files here -->
<SongList>
	<Song id="00" BGM="bgm/26_210.bgm" x="bk/A1_SPC0.bk"/> <!-- ToadTown -->
	<Song id="01" BGM="bgm/2F_104.bgm"/>
	<Song id="02" BGM="bgm/00_117.bgm"/> <!-- NormalBattle -->
	<Song id="03" BGM="bgm/01_118.bgm"/> <!-- SpecialBattle -->
	<Song id="04" BGM="bgm/0D_184.bgm"/> <!-- JrTroopaBattle -->
	<Song id="05" BGM="bgm/0E_187.bgm"/> <!-- FinalBowserBattle -->
	<Song id="06" BGM="bgm/2F_104.bgm"/>
	<Song id="07" BGM="bgm/02_191.bgm"/> <!-- GoombaKingBattle -->
	<Song id="08" BGM="bgm/03_120.bgm"/> <!-- KoopaBrosBattle -->
	<Song id="09" BGM="bgm/04_119.bgm"/> <!-- FakeBowserBattle -->
	<Song id="0A" BGM="bgm/05_121.bgm"/> <!-- TutankoopaBattle -->
	<Song id="0B" BGM="bgm/06_192.bgm"/> <!-- TubbaBlubbaBattle -->
	<Song id="0C" BGM="bgm/07_193.bgm" x="bk/A2_SPC1.bk"/> <!-- GeneralGuyBattle -->
	<Song id="0D" BGM="bgm/08_194.bgm"/> <!-- LavaPiranhaBattle -->
	<Song id="0E" BGM="bgm/09_195.bgm"/> <!-- HuffNPuffBattle -->
	<Song id="0F" BGM="bgm/0A_196.bgm"/> <!-- CrystalKingBattle -->
	<Song id="10" BGM="bgm/2F_104.bgm"/> <!-- GoombaVillage -->
	<Song id="11" BGM="bgm/30_103.bgm"/> <!-- PleasantPath -->
	<Song id="12" BGM="bgm/31_105.bgm"/> <!-- FuzzyAttack -->
	<Song id="13" BGM="bgm/32_106.bgm"/> <!-- KoopaVillage -->
	<Song id="14" BGM="bgm/33_107.bgm"/> <!-- KoopaFortress -->
	<Song id="15" BGM="bgm/38_109.bgm"/> <!-- DryDryOutpost -->
	<Song id="16" BGM="bgm/36_827.bgm"/> <!-- MtRugged -->
	<Song id="17" BGM="bgm/37_202.bgm"/> <!-- DryDryDesert -->
	<Song id="18" BGM="bgm/34_110.bgm"/> <!-- DryDryRuins -->
	<Song id="19" BGM="bgm/35_111.bgm"/> <!-- RuinsBasement -->
	<Song id="1A" BGM="bgm/39_113.bgm"/> <!-- ForeverForest -->
	<Song id="1B" BGM="bgm/3A_114.bgm"/> <!-- BoosMansion -->
	<Song id="1C" BGM="bgm/3B_141.bgm"/> <!-- CheerfulBoosMansion -->
	<Song id="1D" BGM="bgm/3C_203.bgm"/> <!-- GustyGulch -->
	<Song id="1E" BGM="bgm/3D_115.bgm"/> <!-- TubbasManor -->
	<Song id="1F" BGM="bgm/3E_116.bgm"/> <!-- TubbaEscape -->
	<Song id="20" BGM="bgm/3F_838.bgm"/> <!-- ShyGuyToybox -->
	<Song id="21" BGM="bgm/40_205.bgm" x="bk/A2_SPC1.bk"/> <!-- ToyboxTrain -->
	<Song id="22" BGM="bgm/41_291.bgm"/> <!-- CreepyToybox -->
	<Song id="23" BGM="bgm/2F_104.bgm"/>
	<Song id="24" BGM="bgm/42_144.bgm" x="bk/95_PS11.bk" y="bk/A6_STG5.bk"/> <!-- JadeJungle -->
	<Song id="25" BGM="bgm/43_145.bgm" x="bk/95_PS11.bk" y="bk/A6_STG5.bk"/> <!-- DeepJungle -->
	<Song id="26" BGM="bgm/44_142.bgm" x="bk/95_PS11.bk" y="bk/A6_STG5.bk"/> <!-- YoshisVillage -->
	<Song id="27" BGM="bgm/45_143.bgm" x="bk/95_PS11.bk" y="bk/A6_STG5.bk"/> <!-- YoshisPanic -->
	<Song id="28" BGM="bgm/46_148.bgm" x="bk/95_PS11.bk" y="bk/A6_STG5.bk"/> <!-- RaphaelRaven -->
	<Song id="29" BGM="bgm/47_146.bgm" x="bk/95_PS11.bk" y="bk/A6_STG5.bk"/> <!-- MtLavalava -->
	<Song id="2A" BGM="bgm/48_147.bgm" x="bk/95_PS11.bk" y="bk/A6_STG5.bk"/> <!-- VolcanoEscape -->
	<Song id="2B" BGM="bgm/5C_153.bgm" x="bk/A7_STG8.bk"/> <!-- StarWayOpens -->
	<Song id="2C" BGM="bgm/0F_306.bgm"/> <!-- MasterBattle -->
	<Song id="2D" BGM="bgm/8B_221.bgm" x="bk/A4_SPC3.bk"/> <!-- RadioIslandSounds -->
	<Song id="2E" BGM="bgm/8C_222.bgm" x="bk/A4_SPC3.bk"/> <!-- RadioHotHits -->
	<Song id="2F" BGM="bgm/8D_223.bgm" x="bk/A4_SPC3.bk"/> <!-- RadioGoldenOldies -->
	<Song id="30" BGM="bgm/4B_137.bgm"/> <!-- FlowerFieldsCloudy -->
	<Song id="31" BGM="bgm/4C_138.bgm"/> <!-- FlowerFieldsSunny -->
	<Song id="32" BGM="bgm/49_139.bgm"/> <!-- CloudyClimb -->
	<Song id="33" BGM="bgm/4A_149.bgm" x="bk/95_PS11.bk"/> <!-- PuffPuffMachine -->
	<Song id="34" BGM="bgm/4D_150.bgm" x="bk/95_PS11.bk"/> <!-- SunTowerCloudy -->
	<Song id="35" BGM="bgm/4E_151.bgm"/> <!-- SunTowerSunny -->
	<Song id="36" BGM="bgm/2F_104.bgm"/>
	<Song id="37" BGM="bgm/55_178.bgm"/> <!-- CrystalPalace -->
	<Song id="38" BGM="bgm/4F_208.bgm" x="bk/A3_SPC2.bk"/> <!-- ShiverCity -->
	<Song id="39" BGM="bgm/50_177.bgm"/> <!-- PenguinMystery -->
	<Song id="3A" BGM="bgm/51_178.bgm"/> <!-- ShiverSnowfield -->
	<Song id="3B" BGM="bgm/52_209.bgm" x="bk/95_PS11.bk" y="bk/A3_SPC2.bk"/> <!-- ShiverMountain -->
	<Song id="3C" BGM="bgm/53_207.bgm"/> <!-- StarbornValley -->
	<Song id="3D" BGM="bgm/54_179.bgm"/> <!-- MerlarTheme -->
	<Song id="3E" BGM="bgm/2D_301.bgm"/> <!-- MailCall -->
	<Song id="3F" BGM="bgm/2E_302.bgm"/> <!-- PeachsCastleParty -->
	<Song id="40" BGM="bgm/75_311.bgm"/> <!-- ChapterEnd -->
	<Song id="41" BGM="bgm/76_310.bgm"/> <!-- ChapterStart -->
	<Song id="42" BGM="bgm/77_313.bgm"/> <!-- ItemUpgrade -->
	<Song id="43" BGM="bgm/2F_104.bgm"/>
	<Song id="44" BGM="bgm/25_198.bgm" x="bk/A5_REC1.bk"/> <!-- PhonographMusic -->
	<Song id="45" BGM="bgm/13_814.bgm"/> <!-- TutankoopaTheme -->
	<Song id="46" BGM="bgm/14_124.bgm"/> <!-- KammyKoopaTheme -->
	<Song id="47" BGM="bgm/15_123.bgm"/> <!-- JrTroopaTheme -->
	<Song id="48" BGM="bgm/27_311.bgm" x="bk/95_PS11.bk"/> <!-- BulletBillAssault -->
	<Song id="49" BGM="bgm/28_312.bgm" x="bk/95_PS11.bk"/> <!-- MontyMoleAssault -->
	<Song id="4A" BGM="bgm/29_303.bgm"/> <!-- ShyGuyInvasion -->
	<Song id="4B" BGM="bgm/2B_304.bgm"/> <!-- ToadTownTunnels -->
	<Song id="4C" BGM="bgm/2A_305.bgm"/> <!-- WhaleTheme -->
	<Song id="4D" BGM="bgm/2C_220.bgm"/> <!-- ForeverForestWarning -->
	<Song id="4E" BGM="bgm/78_130.bgm"/> <!-- YoshiKidsFound -->
	<Song id="4F" BGM="bgm/7A_130.bgm"/> <!-- UnusedFanfare -->
	<Song id="50" BGM="bgm/16_186.bgm"/> <!-- GoombaKingTheme -->
	<Song id="51" BGM="bgm/17_125.bgm"/> <!-- KoopaBrosInterlude -->
	<Song id="52" BGM="bgm/18_126.bgm"/> <!-- KoopaBrosTheme -->
	<Song id="53" BGM="bgm/19_127.bgm"/> <!-- TutankoopaWarning -->
	<Song id="54" BGM="bgm/1A_128.bgm"/> <!-- TutankoopaRevealed -->
	<Song id="55" BGM="bgm/1B_187.bgm"/> <!-- TubbaBlubbaTheme -->
	<Song id="56" BGM="bgm/1C_129.bgm"/> <!-- GeneralGuyTheme -->
	<Song id="57" BGM="bgm/1D_188.bgm"/> <!-- LavaPiranhaTheme -->
	<Song id="58" BGM="bgm/1E_189.bgm"/> <!-- HuffNPuffTheme -->
	<Song id="59" BGM="bgm/1F_190.bgm"/> <!-- CrystalKingTheme -->
	<Song id="5A" BGM="bgm/20_309.bgm"/> <!-- BlooperTheme -->
	<Song id="5B" BGM="bgm/21_307.bgm"/> <!-- MinibossBattle -->
	<Song id="5C" BGM="bgm/22_308.bgm"/> <!-- MonstarTheme -->
	<Song id="5D" BGM="bgm/7B_314.bgm" x="bk/A5_REC1.bk"/> <!-- Club64 -->
	<Song id="5E" BGM="bgm/7C_323.bgm"/> <!-- UnusedOpening -->
	<Song id="5F" BGM="bgm/7E_322.bgm"/> <!-- BowsersCastleFalls -->
	<Song id="60" BGM="bgm/56_154.bgm"/> <!-- StarHaven -->
	<Song id="61" BGM="bgm/57_155.bgm"/> <!-- ShootingStarSummit -->
	<Song id="62" BGM="bgm/58_157.bgm"/> <!-- StarshipTheme -->
	<Song id="63" BGM="bgm/59_156.bgm"/> <!-- StarSanctuary -->
	<Song id="64" BGM="bgm/5B_170.bgm"/> <!-- BowsersCastle -->
	<Song id="65" BGM="bgm/5A_169.bgm"/> <!-- BowsersCastleCaves -->
	<Song id="66" BGM="bgm/6F_168.bgm"/> <!-- BowserTheme -->
	<Song id="67" BGM="bgm/7D_315.bgm"/> <!-- BowserBattle -->
	<Song id="68" BGM="bgm/7F_316.bgm"/> <!-- PeachWishes -->
	<Song id="69" BGM="bgm/80_319.bgm"/> <!-- FileSelect -->
	<Song id="6A" BGM="bgm/81_318.bgm"/> <!-- MainTheme -->
	<Song id="6B" BGM="bgm/82_320.bgm"/> <!-- BowserAttacks -->
	<Song id="6C" BGM="bgm/83_321.bgm"/> <!-- MarioFalls -->
	<Song id="6D" BGM="bgm/84_317.bgm"/> <!-- PeachAppears -->
	<Song id="6E" BGM="bgm/8A_326.bgm"/> <!-- TheEnd -->
	<Song id="6F" BGM="bgm/85_327.bgm"/> <!-- RecoveredStarRod -->
	<Song id="70" BGM="bgm/5E_167.bgm"/> <!-- TwinkTheme -->
	<Song id="71" BGM="bgm/5F_161.bgm"/> <!-- StirringCake -->
	<Song id="72" BGM="bgm/60_162.bgm"/> <!-- GourmetGuyFreakout -->
	<Song id="73" BGM="bgm/61_158.bgm"/> <!-- PrisonerPeachTheme -->
	<Song id="74" BGM="bgm/62_159.bgm"/> <!-- PeachMission -->
	<Song id="75" BGM="bgm/63_160.bgm"/> <!-- PeachSneaking -->
	<Song id="76" BGM="bgm/64_163.bgm"/> <!-- PeachCaught -->
	<Song id="77" BGM="bgm/65_164.bgm"/> <!-- PeachQuizIntro -->
	<Song id="78" BGM="bgm/66_166.bgm"/> <!-- StarSpiritTheme -->
	<Song id="79" BGM="bgm/6C_181.bgm"/> <!-- PenguinWhodunit -->
	<Song id="7A" BGM="bgm/6D_183.bgm"/> <!-- PenguinWakesUp -->
	<Song id="7B" BGM="bgm/69_175.bgm"/> <!-- MagicBeanstalk -->
	<Song id="7C" BGM="bgm/6E_001.bgm"/> <!-- MerleeSpell -->
	<Song id="7D" BGM="bgm/6A_176.bgm"/> <!-- LakilesterTheme -->
	<Song id="7E" BGM="bgm/5D_185.bgm"/> <!-- GoombaBrosRetreat -->
	<Song id="7F" BGM="bgm/6B_174.bgm"/> <!-- SunshineReturns -->
	<Song id="80" BGM="bgm/70_171.bgm"/> <!-- RidingTheRails -->
	<Song id="81" BGM="bgm/71_172.bgm"/> <!-- RidingTheWhale -->
	<Song id="82" BGM="bgm/8E_226.bgm"/> <!-- NewPartner -->
	<Song id="83" BGM="bgm/74_136.bgm"/> <!-- DryDryRuinsAppear -->
	<Song id="84" BGM="bgm/12_224.bgm"/> <!-- CandyCanes -->
	<Song id="85" BGM="bgm/24_108.bgm" x="bk/A8_CHO1.bk"/> <!-- Playroom -->
	<Song id="86" BGM="bgm/23_112.bgm"/> <!-- MoustafaTheme -->
	<Song id="87" BGM="bgm/10_135.bgm"/> <!-- GameOver -->
	<Song id="88" BGM="bgm/11_134.bgm"/> <!-- TakingRest -->
	<Song id="89" BGM="bgm/67_152.bgm"/> <!-- FlowerNPCTheme -->
	<Song id="8A" BGM="bgm/68_165.bgm"/> <!-- FlowerGateAppears -->
	<Song id="8B" BGM="bgm/0B_122.bgm"/> <!-- BattleEnd -->
	<Song id="8C" BGM="bgm/72_182.bgm"/> <!-- PopDivaSong -->
	<Song id="8D" BGM="bgm/73_199.bgm"/> <!-- BooMinigame -->
	<Song id="8E" BGM="bgm/0C_328.bgm"/> <!-- LevelUp -->
	<Song id="8F" BGM="bgm/2F_104.bgm"/>
	<Song id="90" BGM="bgm/88_324.bgm"/> <!-- ParadeDay -->
	<Song id="91" BGM="bgm/89_325.bgm"/> <!-- ParadeNight -->
	<Song id="92" BGM="bgm/2F_104.bgm"/>
	<Song id="93" BGM="bgm/2F_104.bgm"/>
	<Song id="94" BGM="bgm/86_102.bgm"/> <!-- MarioBrosHouse -->
	<Song id="95" BGM="bgm/87_101.bgm"/> <!-- IntroStory -->
	<Song id="96" BGM="bgm/79_132.bgm"/> <!-- NewPartnerJP -->
	<Song id="97" BGM="bgm/2F_104.bgm"/>
	<Song id="98" BGM="bgm/2F_104.bgm"/>
	<Song id="99" BGM="bgm/2F_104.bgm"/>
	<Song id="9A" BGM="bgm/2F_104.bgm"/>
	<Song id="9B" BGM="bgm/2F_104.bgm"/>
	<Song id="9C" BGM="bgm/2F_104.bgm"/>
	<Song id="9D" BGM="bgm/2F_104.bgm"/>
	<Song id="9E" BGM="bgm/2F_104.bgm"/>
	<Song id="9F" BGM="bgm/2F_104.bgm"/>
	<Song id="A0" BGM="bgm/A0_123.bgm"/>	<!-- Sulliedgraceorgan1 -->
</SongList>
